converted_date,.geo,LST_AVE
2022-02-14,"{""type"":""MultiPoint"",""coordinates"":[]}",14302
2023-01-20,"{""type"":""MultiPoint"",""coordinates"":[]}",14347
2022-01-07,"{""type"":""MultiPoint"",""coordinates"":[]}",14348
2023-01-20,"{""type"":""MultiPoint"",""coordinates"":[]}",14356
2022-12-17,"{""type"":""MultiPoint"",""coordinates"":[]}",14357
2022-02-14,"{""type"":""MultiPoint"",""coordinates"":[]}",14367
2023-12-21,"{""type"":""MultiPoint"",""coordinates"":[]}",14383
2022-02-14,"{""type"":""MultiPoint"",""coordinates"":[]}",14384
2023-12-21,"{""type"":""MultiPoint"",""coordinates"":[]}",14386
2023-12-13,"{""type"":""MultiPoint"",""coordinates"":[]}",14387
2023-01-20,"{""type"":""MultiPoint"",""coordinates"":[]}",14390
2023-12-21,"{""type"":""MultiPoint"",""coordinates"":[]}",14391
2023-12-21,"{""type"":""MultiPoint"",""coordinates"":[]}",14393
2023-12-21,"{""type"":""MultiPoint"",""coordinates"":[]}",14394
2023-12-21,"{""type"":""MultiPoint"",""coordinates"":[]}",14397
2023-12-21,"{""type"":""MultiPoint"",""coordinates"":[]}",14398
2023-12-21,"{""type"":""MultiPoint"",""coordinates"":[]}",14399
2023-12-21,"{""type"":""MultiPoint"",""coordinates"":[]}",14400
2023-12-21,"{""type"":""MultiPoint"",""coordinates"":[]}",14402
2023-12-21,"{""type"":""MultiPoint"",""coordinates"":[]}",14404
2022-01-07,"{""type"":""MultiPoint"",""coordinates"":[]}",14405
2023-12-21,"{""type"":""MultiPoint"",""coordinates"":[]}",14406
2022-12-17,"{""type"":""MultiPoint"",""coordinates"":[]}",14408
2023-12-22,"{""type"":""MultiPoint"",""coordinates"":[]}",14418
2022-01-26,"{""type"":""MultiPoint"",""coordinates"":[]}",14422
2023-01-07,"{""type"":""MultiPoint"",""coordinates"":[]}",14431
2022-12-24,"{""type"":""MultiPoint"",""coordinates"":[]}",14435
2021-11-30,"{""type"":""MultiPoint"",""coordinates"":[]}",14445
2023-01-22,"{""type"":""MultiPoint"",""coordinates"":[]}",14450
2023-01-07,"{""type"":""MultiPoint"",""coordinates"":[]}",14458
2022-12-17,"{""type"":""MultiPoint"",""coordinates"":[]}",14461
2023-12-22,"{""type"":""MultiPoint"",""coordinates"":[]}",14464
2023-12-22,"{""type"":""MultiPoint"",""coordinates"":[]}",14465
2022-11-28,"{""type"":""MultiPoint"",""coordinates"":[]}",14467
2022-11-28,"{""type"":""MultiPoint"",""coordinates"":[]}",14472
2022-11-24,"{""type"":""MultiPoint"",""coordinates"":[]}",14475
2022-11-28,"{""type"":""MultiPoint"",""coordinates"":[]}",14487
2022-11-08,"{""type"":""MultiPoint"",""coordinates"":[]}",14489
2024-01-09,"{""type"":""MultiPoint"",""coordinates"":[]}",14490
2022-01-07,"{""type"":""MultiPoint"",""coordinates"":[]}",14492
2023-02-03,"{""type"":""MultiPoint"",""coordinates"":[]}",14493
2024-01-20,"{""type"":""MultiPoint"",""coordinates"":[]}",14494
2022-12-24,"{""type"":""MultiPoint"",""coordinates"":[]}",14496
2022-12-17,"{""type"":""MultiPoint"",""coordinates"":[]}",14497
2022-01-25,"{""type"":""MultiPoint"",""coordinates"":[]}",14498
2023-01-20,"{""type"":""MultiPoint"",""coordinates"":[]}",14499
2022-12-17,"{""type"":""MultiPoint"",""coordinates"":[]}",14500
2023-12-13,"{""type"":""MultiPoint"",""coordinates"":[]}",14502
2022-12-24,"{""type"":""MultiPoint"",""coordinates"":[]}",14503
2022-01-25,"{""type"":""MultiPoint"",""coordinates"":[]}",14504
2022-11-19,"{""type"":""MultiPoint"",""coordinates"":[]}",14507
2022-02-14,"{""type"":""MultiPoint"",""coordinates"":[]}",14509
2022-02-14,"{""type"":""MultiPoint"",""coordinates"":[]}",14513
2024-01-02,"{""type"":""MultiPoint"",""coordinates"":[]}",14517
2022-01-25,"{""type"":""MultiPoint"",""coordinates"":[]}",14519
2022-01-26,"{""type"":""MultiPoint"",""coordinates"":[]}",14521
2022-12-17,"{""type"":""MultiPoint"",""coordinates"":[]}",14522
2023-11-06,"{""type"":""MultiPoint"",""coordinates"":[]}",14524
2022-12-24,"{""type"":""MultiPoint"",""coordinates"":[]}",14526
2023-12-22,"{""type"":""MultiPoint"",""coordinates"":[]}",14527
2022-12-17,"{""type"":""MultiPoint"",""coordinates"":[]}",14528
2022-01-25,"{""type"":""MultiPoint"",""coordinates"":[]}",14531
2023-02-03,"{""type"":""MultiPoint"",""coordinates"":[]}",14532
2022-02-14,"{""type"":""MultiPoint"",""coordinates"":[]}",14534
2022-11-19,"{""type"":""MultiPoint"",""coordinates"":[]}",14535
2022-12-17,"{""type"":""MultiPoint"",""coordinates"":[]}",14536
2023-03-17,"{""type"":""MultiPoint"",""coordinates"":[]}",14537
2023-01-20,"{""type"":""MultiPoint"",""coordinates"":[]}",14538
2024-01-02,"{""type"":""MultiPoint"",""coordinates"":[]}",14539
2022-01-25,"{""type"":""MultiPoint"",""coordinates"":[]}",14542
2022-11-24,"{""type"":""MultiPoint"",""coordinates"":[]}",14543
2022-12-17,"{""type"":""MultiPoint"",""coordinates"":[]}",14544
2022-01-07,"{""type"":""MultiPoint"",""coordinates"":[]}",14545
2022-12-04,"{""type"":""MultiPoint"",""coordinates"":[]}",14546
2023-12-02,"{""type"":""MultiPoint"",""coordinates"":[]}",14547
2022-02-14,"{""type"":""MultiPoint"",""coordinates"":[]}",14548
2024-01-09,"{""type"":""MultiPoint"",""coordinates"":[]}",14551
2024-01-20,"{""type"":""MultiPoint"",""coordinates"":[]}",14552
2023-12-22,"{""type"":""MultiPoint"",""coordinates"":[]}",14554
2023-12-22,"{""type"":""MultiPoint"",""coordinates"":[]}",14555
2024-01-09,"{""type"":""MultiPoint"",""coordinates"":[]}",14556
2024-01-09,"{""type"":""MultiPoint"",""coordinates"":[]}",14557
2023-12-06,"{""type"":""MultiPoint"",""coordinates"":[]}",14558
2024-01-02,"{""type"":""MultiPoint"",""coordinates"":[]}",14559
2023-11-17,"{""type"":""MultiPoint"",""coordinates"":[]}",14562
2022-01-26,"{""type"":""MultiPoint"",""coordinates"":[]}",14563
2023-11-17,"{""type"":""MultiPoint"",""coordinates"":[]}",14565
2024-01-20,"{""type"":""MultiPoint"",""coordinates"":[]}",14568
2022-11-19,"{""type"":""MultiPoint"",""coordinates"":[]}",14571
2022-12-17,"{""type"":""MultiPoint"",""coordinates"":[]}",14574
2023-04-24,"{""type"":""MultiPoint"",""coordinates"":[]}",14576
2023-01-20,"{""type"":""MultiPoint"",""coordinates"":[]}",14577
2024-01-09,"{""type"":""MultiPoint"",""coordinates"":[]}",14585
2024-01-02,"{""type"":""MultiPoint"",""coordinates"":[]}",14586
2022-06-21,"{""type"":""MultiPoint"",""coordinates"":[]}",14588
2023-12-17,"{""type"":""MultiPoint"",""coordinates"":[]}",14589
2022-12-17,"{""type"":""MultiPoint"",""coordinates"":[]}",14591
2022-06-21,"{""type"":""MultiPoint"",""coordinates"":[]}",14595
2022-10-09,"{""type"":""MultiPoint"",""coordinates"":[]}",14597
2022-01-25,"{""type"":""MultiPoint"",""coordinates"":[]}",14598
2023-01-07,"{""type"":""MultiPoint"",""coordinates"":[]}",14599
2022-08-24,"{""type"":""MultiPoint"",""coordinates"":[]}",14601
2022-11-19,"{""type"":""MultiPoint"",""coordinates"":[]}",14602
2023-12-06,"{""type"":""MultiPoint"",""coordinates"":[]}",14605
2022-10-24,"{""type"":""MultiPoint"",""coordinates"":[]}",14607
2022-02-09,"{""type"":""MultiPoint"",""coordinates"":[]}",14608
2022-10-17,"{""type"":""MultiPoint"",""coordinates"":[]}",14609
2023-12-02,"{""type"":""MultiPoint"",""coordinates"":[]}",14612
2022-01-07,"{""type"":""MultiPoint"",""coordinates"":[]}",14613
2024-01-20,"{""type"":""MultiPoint"",""coordinates"":[]}",14616
2023-01-20,"{""type"":""MultiPoint"",""coordinates"":[]}",14618
2023-11-25,"{""type"":""MultiPoint"",""coordinates"":[]}",14623
2024-01-09,"{""type"":""MultiPoint"",""coordinates"":[]}",14625
2022-01-25,"{""type"":""MultiPoint"",""coordinates"":[]}",14626
2023-11-02,"{""type"":""MultiPoint"",""coordinates"":[]}",14627
2022-02-14,"{""type"":""MultiPoint"",""coordinates"":[]}",14628
2023-11-25,"{""type"":""MultiPoint"",""coordinates"":[]}",14630
2022-08-24,"{""type"":""MultiPoint"",""coordinates"":[]}",14631
2022-02-06,"{""type"":""MultiPoint"",""coordinates"":[]}",14632
2022-12-17,"{""type"":""MultiPoint"",""coordinates"":[]}",14633
2022-05-14,"{""type"":""MultiPoint"",""coordinates"":[]}",14636
2023-11-17,"{""type"":""MultiPoint"",""coordinates"":[]}",14637
2023-05-08,"{""type"":""MultiPoint"",""coordinates"":[]}",14639
2023-12-22,"{""type"":""MultiPoint"",""coordinates"":[]}",14640
2023-05-08,"{""type"":""MultiPoint"",""coordinates"":[]}",14642
2022-11-27,"{""type"":""MultiPoint"",""coordinates"":[]}",14644
2021-12-14,"{""type"":""MultiPoint"",""coordinates"":[]}",14649
2022-08-24,"{""type"":""MultiPoint"",""coordinates"":[]}",14650
2022-09-09,"{""type"":""MultiPoint"",""coordinates"":[]}",14651
2022-12-17,"{""type"":""MultiPoint"",""coordinates"":[]}",14652
2024-01-02,"{""type"":""MultiPoint"",""coordinates"":[]}",14653
2023-12-02,"{""type"":""MultiPoint"",""coordinates"":[]}",14655
2021-12-14,"{""type"":""MultiPoint"",""coordinates"":[]}",14658
2023-04-24,"{""type"":""MultiPoint"",""coordinates"":[]}",14662
2022-11-28,"{""type"":""MultiPoint"",""coordinates"":[]}",14664
2024-07-16,"{""type"":""MultiPoint"",""coordinates"":[]}",14665
2022-06-21,"{""type"":""MultiPoint"",""coordinates"":[]}",14666
2022-10-09,"{""type"":""MultiPoint"",""coordinates"":[]}",14667
2023-02-03,"{""type"":""MultiPoint"",""coordinates"":[]}",14668
2022-06-21,"{""type"":""MultiPoint"",""coordinates"":[]}",14670
2024-01-20,"{""type"":""MultiPoint"",""coordinates"":[]}",14672
2022-09-09,"{""type"":""MultiPoint"",""coordinates"":[]}",14673
2023-09-14,"{""type"":""MultiPoint"",""coordinates"":[]}",14674
2023-01-08,"{""type"":""MultiPoint"",""coordinates"":[]}",14676
2023-01-23,"{""type"":""MultiPoint"",""coordinates"":[]}",14677
2022-12-17,"{""type"":""MultiPoint"",""coordinates"":[]}",14678
2022-05-14,"{""type"":""MultiPoint"",""coordinates"":[]}",14679
2023-12-02,"{""type"":""MultiPoint"",""coordinates"":[]}",14680
2022-06-21,"{""type"":""MultiPoint"",""coordinates"":[]}",14681
2023-12-17,"{""type"":""MultiPoint"",""coordinates"":[]}",14682
2023-09-06,"{""type"":""MultiPoint"",""coordinates"":[]}",14686
2022-12-24,"{""type"":""MultiPoint"",""coordinates"":[]}",14689
2024-01-09,"{""type"":""MultiPoint"",""coordinates"":[]}",14690
2024-06-19,"{""type"":""MultiPoint"",""coordinates"":[]}",14691
2023-11-02,"{""type"":""MultiPoint"",""coordinates"":[]}",14692
2021-12-14,"{""type"":""MultiPoint"",""coordinates"":[]}",14693
2023-05-08,"{""type"":""MultiPoint"",""coordinates"":[]}",14698
2022-04-14,"{""type"":""MultiPoint"",""coordinates"":[]}",14699
2021-12-14,"{""type"":""MultiPoint"",""coordinates"":[]}",14700
2022-10-24,"{""type"":""MultiPoint"",""coordinates"":[]}",14701
2022-10-09,"{""type"":""MultiPoint"",""coordinates"":[]}",14703
2023-08-22,"{""type"":""MultiPoint"",""coordinates"":[]}",14707
2022-04-14,"{""type"":""MultiPoint"",""coordinates"":[]}",14709
2023-09-18,"{""type"":""MultiPoint"",""coordinates"":[]}",14710
2024-08-20,"{""type"":""MultiPoint"",""coordinates"":[]}",14712
2022-01-25,"{""type"":""MultiPoint"",""coordinates"":[]}",14713
2023-09-29,"{""type"":""MultiPoint"",""coordinates"":[]}",14714
2024-01-05,"{""type"":""MultiPoint"",""coordinates"":[]}",14715
2022-04-10,"{""type"":""MultiPoint"",""coordinates"":[]}",14717
2022-01-07,"{""type"":""MultiPoint"",""coordinates"":[]}",14718
2022-05-14,"{""type"":""MultiPoint"",""coordinates"":[]}",14719
2023-05-08,"{""type"":""MultiPoint"",""coordinates"":[]}",14720
2022-11-19,"{""type"":""MultiPoint"",""coordinates"":[]}",14721
2023-11-09,"{""type"":""MultiPoint"",""coordinates"":[]}",14723
2024-01-05,"{""type"":""MultiPoint"",""coordinates"":[]}",14725
2022-07-14,"{""type"":""MultiPoint"",""coordinates"":[]}",14727
2021-12-14,"{""type"":""MultiPoint"",""coordinates"":[]}",14728
2022-11-28,"{""type"":""MultiPoint"",""coordinates"":[]}",14729
2023-08-26,"{""type"":""MultiPoint"",""coordinates"":[]}",14730
2024-01-09,"{""type"":""MultiPoint"",""coordinates"":[]}",14731
2022-01-29,"{""type"":""MultiPoint"",""coordinates"":[]}",14732
2022-05-14,"{""type"":""MultiPoint"",""coordinates"":[]}",14733
2022-07-14,"{""type"":""MultiPoint"",""coordinates"":[]}",14734
2022-06-17,"{""type"":""MultiPoint"",""coordinates"":[]}",14735
2023-05-08,"{""type"":""MultiPoint"",""coordinates"":[]}",14737
2022-06-17,"{""type"":""MultiPoint"",""coordinates"":[]}",14738
2022-10-09,"{""type"":""MultiPoint"",""coordinates"":[]}",14740
2022-06-17,"{""type"":""MultiPoint"",""coordinates"":[]}",14741
2022-09-06,"{""type"":""MultiPoint"",""coordinates"":[]}",14743
2021-12-08,"{""type"":""MultiPoint"",""coordinates"":[]}",14744
2022-11-24,"{""type"":""MultiPoint"",""coordinates"":[]}",14745
2023-10-14,"{""type"":""MultiPoint"",""coordinates"":[]}",14746
2022-07-14,"{""type"":""MultiPoint"",""coordinates"":[]}",14747
2021-12-14,"{""type"":""MultiPoint"",""coordinates"":[]}",14748
2022-01-25,"{""type"":""MultiPoint"",""coordinates"":[]}",14750
2022-07-15,"{""type"":""MultiPoint"",""coordinates"":[]}",14751
2022-05-15,"{""type"":""MultiPoint"",""coordinates"":[]}",14752
2024-01-05,"{""type"":""MultiPoint"",""coordinates"":[]}",14753
2022-04-23,"{""type"":""MultiPoint"",""coordinates"":[]}",14754
2024-01-09,"{""type"":""MultiPoint"",""coordinates"":[]}",14755
2023-12-22,"{""type"":""MultiPoint"",""coordinates"":[]}",14756
2022-01-02,"{""type"":""MultiPoint"",""coordinates"":[]}",14758
2021-12-14,"{""type"":""MultiPoint"",""coordinates"":[]}",14759
2022-01-07,"{""type"":""MultiPoint"",""coordinates"":[]}",14760
2022-07-26,"{""type"":""MultiPoint"",""coordinates"":[]}",14761
2024-07-16,"{""type"":""MultiPoint"",""coordinates"":[]}",14762
2022-05-18,"{""type"":""MultiPoint"",""coordinates"":[]}",14763
2022-07-14,"{""type"":""MultiPoint"",""coordinates"":[]}",14764
2022-01-25,"{""type"":""MultiPoint"",""coordinates"":[]}",14765
2022-12-24,"{""type"":""MultiPoint"",""coordinates"":[]}",14766
2022-05-18,"{""type"":""MultiPoint"",""coordinates"":[]}",14767
2022-06-25,"{""type"":""MultiPoint"",""coordinates"":[]}",14769
2022-05-18,"{""type"":""MultiPoint"",""coordinates"":[]}",14770
2022-05-15,"{""type"":""MultiPoint"",""coordinates"":[]}",14771
2022-08-24,"{""type"":""MultiPoint"",""coordinates"":[]}",14772
2022-08-21,"{""type"":""MultiPoint"",""coordinates"":[]}",14773
2022-07-15,"{""type"":""MultiPoint"",""coordinates"":[]}",14774
2023-10-03,"{""type"":""MultiPoint"",""coordinates"":[]}",14775
2022-01-29,"{""type"":""MultiPoint"",""coordinates"":[]}",14776
2022-01-07,"{""type"":""MultiPoint"",""coordinates"":[]}",14777
2022-06-17,"{""type"":""MultiPoint"",""coordinates"":[]}",14778
2024-01-20,"{""type"":""MultiPoint"",""coordinates"":[]}",14779
2022-05-18,"{""type"":""MultiPoint"",""coordinates"":[]}",14780
2022-11-04,"{""type"":""MultiPoint"",""coordinates"":[]}",14783
2023-11-02,"{""type"":""MultiPoint"",""coordinates"":[]}",14785
2023-11-13,"{""type"":""MultiPoint"",""coordinates"":[]}",14788
2022-12-24,"{""type"":""MultiPoint"",""coordinates"":[]}",14789
2022-10-09,"{""type"":""MultiPoint"",""coordinates"":[]}",14790
2021-12-14,"{""type"":""MultiPoint"",""coordinates"":[]}",14791
2022-06-17,"{""type"":""MultiPoint"",""coordinates"":[]}",14793
2023-08-26,"{""type"":""MultiPoint"",""coordinates"":[]}",14794
2022-07-14,"{""type"":""MultiPoint"",""coordinates"":[]}",14797
2024-01-09,"{""type"":""MultiPoint"",""coordinates"":[]}",14800
2023-07-27,"{""type"":""MultiPoint"",""coordinates"":[]}",14802
2021-12-14,"{""type"":""MultiPoint"",""coordinates"":[]}",14804
2022-09-17,"{""type"":""MultiPoint"",""coordinates"":[]}",14806
2022-06-17,"{""type"":""MultiPoint"",""coordinates"":[]}",14807
2023-11-17,"{""type"":""MultiPoint"",""coordinates"":[]}",14808
2023-11-13,"{""type"":""MultiPoint"",""coordinates"":[]}",14809
2022-05-18,"{""type"":""MultiPoint"",""coordinates"":[]}",14810
2022-01-29,"{""type"":""MultiPoint"",""coordinates"":[]}",14811
2021-12-30,"{""type"":""MultiPoint"",""coordinates"":[]}",14812
2022-06-17,"{""type"":""MultiPoint"",""coordinates"":[]}",14813
2022-12-17,"{""type"":""MultiPoint"",""coordinates"":[]}",14814
2024-03-06,"{""type"":""MultiPoint"",""coordinates"":[]}",14815
2023-10-03,"{""type"":""MultiPoint"",""coordinates"":[]}",14816
2021-12-14,"{""type"":""MultiPoint"",""coordinates"":[]}",14817
2023-09-18,"{""type"":""MultiPoint"",""coordinates"":[]}",14818
2023-10-14,"{""type"":""MultiPoint"",""coordinates"":[]}",14819
2022-05-18,"{""type"":""MultiPoint"",""coordinates"":[]}",14821
2022-10-09,"{""type"":""MultiPoint"",""coordinates"":[]}",14822
2022-05-18,"{""type"":""MultiPoint"",""coordinates"":[]}",14823
2023-01-20,"{""type"":""MultiPoint"",""coordinates"":[]}",14825
2023-11-02,"{""type"":""MultiPoint"",""coordinates"":[]}",14829
2023-11-28,"{""type"":""MultiPoint"",""coordinates"":[]}",14830
2023-05-08,"{""type"":""MultiPoint"",""coordinates"":[]}",14832
2022-12-04,"{""type"":""MultiPoint"",""coordinates"":[]}",14834
2023-11-13,"{""type"":""MultiPoint"",""coordinates"":[]}",14835
2024-01-20,"{""type"":""MultiPoint"",""coordinates"":[]}",14836
2024-02-01,"{""type"":""MultiPoint"",""coordinates"":[]}",14837
2023-08-26,"{""type"":""MultiPoint"",""coordinates"":[]}",14838
2023-11-02,"{""type"":""MultiPoint"",""coordinates"":[]}",14839
2022-06-02,"{""type"":""MultiPoint"",""coordinates"":[]}",14840
2022-01-25,"{""type"":""MultiPoint"",""coordinates"":[]}",14842
2023-12-02,"{""type"":""MultiPoint"",""coordinates"":[]}",14843
2022-12-17,"{""type"":""MultiPoint"",""coordinates"":[]}",14844
2023-11-09,"{""type"":""MultiPoint"",""coordinates"":[]}",14845
2023-11-10,"{""type"":""MultiPoint"",""coordinates"":[]}",14846
2023-01-20,"{""type"":""MultiPoint"",""coordinates"":[]}",14847
2022-11-19,"{""type"":""MultiPoint"",""coordinates"":[]}",14849
2024-08-04,"{""type"":""MultiPoint"",""coordinates"":[]}",14850
2023-11-13,"{""type"":""MultiPoint"",""coordinates"":[]}",14852
2022-05-18,"{""type"":""MultiPoint"",""coordinates"":[]}",14854
2023-12-17,"{""type"":""MultiPoint"",""coordinates"":[]}",14855
2022-01-07,"{""type"":""MultiPoint"",""coordinates"":[]}",14858
2023-12-22,"{""type"":""MultiPoint"",""coordinates"":[]}",14860
2022-05-18,"{""type"":""MultiPoint"",""coordinates"":[]}",14861
2022-10-24,"{""type"":""MultiPoint"",""coordinates"":[]}",14862
2023-02-03,"{""type"":""MultiPoint"",""coordinates"":[]}",14863
2022-12-24,"{""type"":""MultiPoint"",""coordinates"":[]}",14864
2022-06-25,"{""type"":""MultiPoint"",""coordinates"":[]}",14866
2024-01-02,"{""type"":""MultiPoint"",""coordinates"":[]}",14868
2021-12-18,"{""type"":""MultiPoint"",""coordinates"":[]}",14869
2023-01-07,"{""type"":""MultiPoint"",""coordinates"":[]}",14873
2022-06-17,"{""type"":""MultiPoint"",""coordinates"":[]}",14877
2022-03-15,"{""type"":""MultiPoint"",""coordinates"":[]}",14878
2023-12-06,"{""type"":""MultiPoint"",""coordinates"":[]}",14879
2022-01-07,"{""type"":""MultiPoint"",""coordinates"":[]}",14880
2023-12-14,"{""type"":""MultiPoint"",""coordinates"":[]}",14881
2022-12-23,"{""type"":""MultiPoint"",""coordinates"":[]}",14882
2023-10-14,"{""type"":""MultiPoint"",""coordinates"":[]}",14883
2022-10-24,"{""type"":""MultiPoint"",""coordinates"":[]}",14885
2022-10-20,"{""type"":""MultiPoint"",""coordinates"":[]}",14887
2022-06-26,"{""type"":""MultiPoint"",""coordinates"":[]}",14888
2022-01-07,"{""type"":""MultiPoint"",""coordinates"":[]}",14890
2021-12-03,"{""type"":""MultiPoint"",""coordinates"":[]}",14891
2021-12-14,"{""type"":""MultiPoint"",""coordinates"":[]}",14892
2023-12-25,"{""type"":""MultiPoint"",""coordinates"":[]}",14895
2022-02-05,"{""type"":""MultiPoint"",""coordinates"":[]}",14896
2022-10-24,"{""type"":""MultiPoint"",""coordinates"":[]}",14897
2023-12-13,"{""type"":""MultiPoint"",""coordinates"":[]}",14899
2022-02-05,"{""type"":""MultiPoint"",""coordinates"":[]}",14901
2022-10-17,"{""type"":""MultiPoint"",""coordinates"":[]}",14902
2023-11-17,"{""type"":""MultiPoint"",""coordinates"":[]}",14903
2023-08-26,"{""type"":""MultiPoint"",""coordinates"":[]}",14904
2023-01-07,"{""type"":""MultiPoint"",""coordinates"":[]}",14906
2022-02-06,"{""type"":""MultiPoint"",""coordinates"":[]}",14907
2022-05-14,"{""type"":""MultiPoint"",""coordinates"":[]}",14908
2021-12-14,"{""type"":""MultiPoint"",""coordinates"":[]}",14909
2023-12-13,"{""type"":""MultiPoint"",""coordinates"":[]}",14910
2021-12-14,"{""type"":""MultiPoint"",""coordinates"":[]}",14911
2024-09-29,"{""type"":""MultiPoint"",""coordinates"":[]}",14913
2023-11-25,"{""type"":""MultiPoint"",""coordinates"":[]}",14914
2022-12-23,"{""type"":""MultiPoint"",""coordinates"":[]}",14915
2022-11-24,"{""type"":""MultiPoint"",""coordinates"":[]}",14916
2024-07-12,"{""type"":""MultiPoint"",""coordinates"":[]}",14917
2023-01-20,"{""type"":""MultiPoint"",""coordinates"":[]}",14918
2022-01-29,"{""type"":""MultiPoint"",""coordinates"":[]}",14919
2023-11-09,"{""type"":""MultiPoint"",""coordinates"":[]}",14920
2022-10-13,"{""type"":""MultiPoint"",""coordinates"":[]}",14921
2023-02-03,"{""type"":""MultiPoint"",""coordinates"":[]}",14922
2024-06-05,"{""type"":""MultiPoint"",""coordinates"":[]}",14923
2022-02-05,"{""type"":""MultiPoint"",""coordinates"":[]}",14927
2021-12-03,"{""type"":""MultiPoint"",""coordinates"":[]}",14929
2022-08-24,"{""type"":""MultiPoint"",""coordinates"":[]}",14930
2022-01-29,"{""type"":""MultiPoint"",""coordinates"":[]}",14931
2023-09-03,"{""type"":""MultiPoint"",""coordinates"":[]}",14933
2024-01-20,"{""type"":""MultiPoint"",""coordinates"":[]}",14935
2023-12-13,"{""type"":""MultiPoint"",""coordinates"":[]}",14936
2023-08-22,"{""type"":""MultiPoint"",""coordinates"":[]}",14937
2022-03-15,"{""type"":""MultiPoint"",""coordinates"":[]}",14938
2023-10-14,"{""type"":""MultiPoint"",""coordinates"":[]}",14939
2024-08-08,"{""type"":""MultiPoint"",""coordinates"":[]}",14940
2023-12-25,"{""type"":""MultiPoint"",""coordinates"":[]}",14942
2022-05-14,"{""type"":""MultiPoint"",""coordinates"":[]}",14944
2024-02-01,"{""type"":""MultiPoint"",""coordinates"":[]}",14945
2022-11-27,"{""type"":""MultiPoint"",""coordinates"":[]}",14946
2021-12-03,"{""type"":""MultiPoint"",""coordinates"":[]}",14947
2022-05-15,"{""type"":""MultiPoint"",""coordinates"":[]}",14948
2022-10-24,"{""type"":""MultiPoint"",""coordinates"":[]}",14949
2021-11-30,"{""type"":""MultiPoint"",""coordinates"":[]}",14950
2021-12-14,"{""type"":""MultiPoint"",""coordinates"":[]}",14951
2022-01-25,"{""type"":""MultiPoint"",""coordinates"":[]}",14952
2022-12-24,"{""type"":""MultiPoint"",""coordinates"":[]}",14953
2023-08-26,"{""type"":""MultiPoint"",""coordinates"":[]}",14955
2022-04-14,"{""type"":""MultiPoint"",""coordinates"":[]}",14956
2022-06-18,"{""type"":""MultiPoint"",""coordinates"":[]}",14957
2022-01-18,"{""type"":""MultiPoint"",""coordinates"":[]}",14959
2022-02-05,"{""type"":""MultiPoint"",""coordinates"":[]}",14960
2022-02-05,"{""type"":""MultiPoint"",""coordinates"":[]}",14961
2023-03-20,"{""type"":""MultiPoint"",""coordinates"":[]}",14962
2022-01-07,"{""type"":""MultiPoint"",""coordinates"":[]}",14964
2022-10-09,"{""type"":""MultiPoint"",""coordinates"":[]}",14965
2022-01-02,"{""type"":""MultiPoint"",""coordinates"":[]}",14967
2022-01-25,"{""type"":""MultiPoint"",""coordinates"":[]}",14968
2022-01-29,"{""type"":""MultiPoint"",""coordinates"":[]}",14969
2023-03-09,"{""type"":""MultiPoint"",""coordinates"":[]}",14970
2022-01-18,"{""type"":""MultiPoint"",""coordinates"":[]}",14972
2022-06-26,"{""type"":""MultiPoint"",""coordinates"":[]}",14973
2022-01-07,"{""type"":""MultiPoint"",""coordinates"":[]}",14974
2022-07-26,"{""type"":""MultiPoint"",""coordinates"":[]}",14975
2022-10-20,"{""type"":""MultiPoint"",""coordinates"":[]}",14976
2022-11-19,"{""type"":""MultiPoint"",""coordinates"":[]}",14977
2022-02-05,"{""type"":""MultiPoint"",""coordinates"":[]}",14979
2023-12-26,"{""type"":""MultiPoint"",""coordinates"":[]}",14980
2022-01-29,"{""type"":""MultiPoint"",""coordinates"":[]}",14981
2022-01-29,"{""type"":""MultiPoint"",""coordinates"":[]}",14982
2022-03-04,"{""type"":""MultiPoint"",""coordinates"":[]}",14983
2022-12-24,"{""type"":""MultiPoint"",""coordinates"":[]}",14984
2023-12-02,"{""type"":""MultiPoint"",""coordinates"":[]}",14987
2022-03-15,"{""type"":""MultiPoint"",""coordinates"":[]}",14988
2022-05-15,"{""type"":""MultiPoint"",""coordinates"":[]}",14989
2023-01-08,"{""type"":""MultiPoint"",""coordinates"":[]}",14990
2022-01-14,"{""type"":""MultiPoint"",""coordinates"":[]}",14991
2022-01-14,"{""type"":""MultiPoint"",""coordinates"":[]}",14992
2022-02-14,"{""type"":""MultiPoint"",""coordinates"":[]}",14993
2024-09-29,"{""type"":""MultiPoint"",""coordinates"":[]}",14994
2022-10-24,"{""type"":""MultiPoint"",""coordinates"":[]}",14995
2022-08-24,"{""type"":""MultiPoint"",""coordinates"":[]}",14996
2022-10-24,"{""type"":""MultiPoint"",""coordinates"":[]}",14997
2023-09-18,"{""type"":""MultiPoint"",""coordinates"":[]}",14998
2022-12-24,"{""type"":""MultiPoint"",""coordinates"":[]}",14999
2023-11-13,"{""type"":""MultiPoint"",""coordinates"":[]}",15000
2023-01-04,"{""type"":""MultiPoint"",""coordinates"":[]}",15001
2021-12-18,"{""type"":""MultiPoint"",""coordinates"":[]}",15002
2023-12-18,"{""type"":""MultiPoint"",""coordinates"":[]}",15003
2022-07-14,"{""type"":""MultiPoint"",""coordinates"":[]}",15004
2022-01-29,"{""type"":""MultiPoint"",""coordinates"":[]}",15005
2022-01-18,"{""type"":""MultiPoint"",""coordinates"":[]}",15006
2022-12-31,"{""type"":""MultiPoint"",""coordinates"":[]}",15008
2022-11-28,"{""type"":""MultiPoint"",""coordinates"":[]}",15009
2021-12-07,"{""type"":""MultiPoint"",""coordinates"":[]}",15010
2021-12-29,"{""type"":""MultiPoint"",""coordinates"":[]}",15011
2023-01-08,"{""type"":""MultiPoint"",""coordinates"":[]}",15012
2022-11-04,"{""type"":""MultiPoint"",""coordinates"":[]}",15013
2022-05-14,"{""type"":""MultiPoint"",""coordinates"":[]}",15014
2021-12-03,"{""type"":""MultiPoint"",""coordinates"":[]}",15015
2022-01-18,"{""type"":""MultiPoint"",""coordinates"":[]}",15016
2023-10-14,"{""type"":""MultiPoint"",""coordinates"":[]}",15017
2021-12-18,"{""type"":""MultiPoint"",""coordinates"":[]}",15018
2022-01-06,"{""type"":""MultiPoint"",""coordinates"":[]}",15019
2022-10-17,"{""type"":""MultiPoint"",""coordinates"":[]}",15020
2023-11-17,"{""type"":""MultiPoint"",""coordinates"":[]}",15021
2022-03-15,"{""type"":""MultiPoint"",""coordinates"":[]}",15022
2022-01-18,"{""type"":""MultiPoint"",""coordinates"":[]}",15023
2022-01-25,"{""type"":""MultiPoint"",""coordinates"":[]}",15024
2022-12-17,"{""type"":""MultiPoint"",""coordinates"":[]}",15025
2022-05-14,"{""type"":""MultiPoint"",""coordinates"":[]}",15026
2022-10-24,"{""type"":""MultiPoint"",""coordinates"":[]}",15027
2021-12-29,"{""type"":""MultiPoint"",""coordinates"":[]}",15028
2022-01-06,"{""type"":""MultiPoint"",""coordinates"":[]}",15029
2022-01-02,"{""type"":""MultiPoint"",""coordinates"":[]}",15030
2021-12-29,"{""type"":""MultiPoint"",""coordinates"":[]}",15031
2021-12-29,"{""type"":""MultiPoint"",""coordinates"":[]}",15032
2022-01-14,"{""type"":""MultiPoint"",""coordinates"":[]}",15033
2022-01-25,"{""type"":""MultiPoint"",""coordinates"":[]}",15034
2022-01-18,"{""type"":""MultiPoint"",""coordinates"":[]}",15035
2022-01-18,"{""type"":""MultiPoint"",""coordinates"":[]}",15036
2022-02-05,"{""type"":""MultiPoint"",""coordinates"":[]}",15037
2022-01-06,"{""type"":""MultiPoint"",""coordinates"":[]}",15038
2022-11-09,"{""type"":""MultiPoint"",""coordinates"":[]}",15039
2021-12-11,"{""type"":""MultiPoint"",""coordinates"":[]}",15040
2022-01-03,"{""type"":""MultiPoint"",""coordinates"":[]}",15041
2023-01-08,"{""type"":""MultiPoint"",""coordinates"":[]}",15042
2022-01-06,"{""type"":""MultiPoint"",""coordinates"":[]}",15043
2022-12-20,"{""type"":""MultiPoint"",""coordinates"":[]}",15044
2021-12-22,"{""type"":""MultiPoint"",""coordinates"":[]}",15045
2022-01-06,"{""type"":""MultiPoint"",""coordinates"":[]}",15046
2022-01-02,"{""type"":""MultiPoint"",""coordinates"":[]}",15047
2022-01-18,"{""type"":""MultiPoint"",""coordinates"":[]}",15048
2022-11-27,"{""type"":""MultiPoint"",""coordinates"":[]}",15049
2022-01-03,"{""type"":""MultiPoint"",""coordinates"":[]}",15050
2021-12-18,"{""type"":""MultiPoint"",""coordinates"":[]}",15051
2021-11-30,"{""type"":""MultiPoint"",""coordinates"":[]}",15052
2021-12-07,"{""type"":""MultiPoint"",""coordinates"":[]}",15053
2022-01-02,"{""type"":""MultiPoint"",""coordinates"":[]}",15054
2022-10-16,"{""type"":""MultiPoint"",""coordinates"":[]}",15055
2021-12-29,"{""type"":""MultiPoint"",""coordinates"":[]}",15056
2022-01-07,"{""type"":""MultiPoint"",""coordinates"":[]}",15057
2021-12-29,"{""type"":""MultiPoint"",""coordinates"":[]}",15058
2021-12-18,"{""type"":""MultiPoint"",""coordinates"":[]}",15059
2021-12-18,"{""type"":""MultiPoint"",""coordinates"":[]}",15060
2022-01-06,"{""type"":""MultiPoint"",""coordinates"":[]}",15061
2022-01-02,"{""type"":""MultiPoint"",""coordinates"":[]}",15062
2022-11-28,"{""type"":""MultiPoint"",""coordinates"":[]}",15063
2021-12-03,"{""type"":""MultiPoint"",""coordinates"":[]}",15064
2023-03-01,"{""type"":""MultiPoint"",""coordinates"":[]}",15065
2022-06-25,"{""type"":""MultiPoint"",""coordinates"":[]}",15066
2022-07-14,"{""type"":""MultiPoint"",""coordinates"":[]}",15067
2021-12-03,"{""type"":""MultiPoint"",""coordinates"":[]}",15068
2022-11-16,"{""type"":""MultiPoint"",""coordinates"":[]}",15069
2022-01-18,"{""type"":""MultiPoint"",""coordinates"":[]}",15070
2021-12-18,"{""type"":""MultiPoint"",""coordinates"":[]}",15071
2021-12-11,"{""type"":""MultiPoint"",""coordinates"":[]}",15072
2022-01-25,"{""type"":""MultiPoint"",""coordinates"":[]}",15073
2021-12-22,"{""type"":""MultiPoint"",""coordinates"":[]}",15074
2022-10-17,"{""type"":""MultiPoint"",""coordinates"":[]}",15075
2021-12-29,"{""type"":""MultiPoint"",""coordinates"":[]}",15076
2022-02-01,"{""type"":""MultiPoint"",""coordinates"":[]}",15077
2021-11-30,"{""type"":""MultiPoint"",""coordinates"":[]}",15078
2021-12-18,"{""type"":""MultiPoint"",""coordinates"":[]}",15079
2022-01-06,"{""type"":""MultiPoint"",""coordinates"":[]}",15080
2022-01-06,"{""type"":""MultiPoint"",""coordinates"":[]}",15081
2022-01-06,"{""type"":""MultiPoint"",""coordinates"":[]}",15082
2022-03-15,"{""type"":""MultiPoint"",""coordinates"":[]}",15083
2022-12-20,"{""type"":""MultiPoint"",""coordinates"":[]}",15084
2022-11-19,"{""type"":""MultiPoint"",""coordinates"":[]}",15085
2022-01-11,"{""type"":""MultiPoint"",""coordinates"":[]}",15086
2021-12-29,"{""type"":""MultiPoint"",""coordinates"":[]}",15087
2021-12-18,"{""type"":""MultiPoint"",""coordinates"":[]}",15088
2022-01-26,"{""type"":""MultiPoint"",""coordinates"":[]}",15089
2023-11-10,"{""type"":""MultiPoint"",""coordinates"":[]}",15090
2022-01-18,"{""type"":""MultiPoint"",""coordinates"":[]}",15091
2022-01-03,"{""type"":""MultiPoint"",""coordinates"":[]}",15092
2022-07-26,"{""type"":""MultiPoint"",""coordinates"":[]}",15093
2022-01-03,"{""type"":""MultiPoint"",""coordinates"":[]}",15094
2021-12-29,"{""type"":""MultiPoint"",""coordinates"":[]}",15095
2021-12-30,"{""type"":""MultiPoint"",""coordinates"":[]}",15096
2021-12-03,"{""type"":""MultiPoint"",""coordinates"":[]}",15097
2021-12-11,"{""type"":""MultiPoint"",""coordinates"":[]}",15098
2022-02-13,"{""type"":""MultiPoint"",""coordinates"":[]}",15099
2021-12-03,"{""type"":""MultiPoint"",""coordinates"":[]}",15100
2022-11-16,"{""type"":""MultiPoint"",""coordinates"":[]}",15101
2021-12-29,"{""type"":""MultiPoint"",""coordinates"":[]}",15102
2022-01-18,"{""type"":""MultiPoint"",""coordinates"":[]}",15103
2021-12-18,"{""type"":""MultiPoint"",""coordinates"":[]}",15104
2021-11-30,"{""type"":""MultiPoint"",""coordinates"":[]}",15105
2022-12-23,"{""type"":""MultiPoint"",""coordinates"":[]}",15106
2022-01-03,"{""type"":""MultiPoint"",""coordinates"":[]}",15107
2022-01-29,"{""type"":""MultiPoint"",""coordinates"":[]}",15108
2022-01-26,"{""type"":""MultiPoint"",""coordinates"":[]}",15109
2022-11-16,"{""type"":""MultiPoint"",""coordinates"":[]}",15110
2021-12-11,"{""type"":""MultiPoint"",""coordinates"":[]}",15111
2021-12-18,"{""type"":""MultiPoint"",""coordinates"":[]}",15112
2021-12-11,"{""type"":""MultiPoint"",""coordinates"":[]}",15113
2021-12-18,"{""type"":""MultiPoint"",""coordinates"":[]}",15114
2022-01-07,"{""type"":""MultiPoint"",""coordinates"":[]}",15115
2021-12-22,"{""type"":""MultiPoint"",""coordinates"":[]}",15116
2021-12-26,"{""type"":""MultiPoint"",""coordinates"":[]}",15117
2021-12-18,"{""type"":""MultiPoint"",""coordinates"":[]}",15118
2021-12-07,"{""type"":""MultiPoint"",""coordinates"":[]}",15119
2021-12-03,"{""type"":""MultiPoint"",""coordinates"":[]}",15120
2021-11-30,"{""type"":""MultiPoint"",""coordinates"":[]}",15121
2021-12-15,"{""type"":""MultiPoint"",""coordinates"":[]}",15122
2021-12-22,"{""type"":""MultiPoint"",""coordinates"":[]}",15123
2021-12-03,"{""type"":""MultiPoint"",""coordinates"":[]}",15124
2021-12-15,"{""type"":""MultiPoint"",""coordinates"":[]}",15125
2021-12-22,"{""type"":""MultiPoint"",""coordinates"":[]}",15126
2023-11-28,"{""type"":""MultiPoint"",""coordinates"":[]}",15127
2021-12-14,"{""type"":""MultiPoint"",""coordinates"":[]}",15128
2021-12-08,"{""type"":""MultiPoint"",""coordinates"":[]}",15129
2022-01-11,"{""type"":""MultiPoint"",""coordinates"":[]}",15130
2022-01-10,"{""type"":""MultiPoint"",""coordinates"":[]}",15131
2022-08-24,"{""type"":""MultiPoint"",""coordinates"":[]}",15132
2021-12-22,"{""type"":""MultiPoint"",""coordinates"":[]}",15133
2021-12-26,"{""type"":""MultiPoint"",""coordinates"":[]}",15134
2022-01-02,"{""type"":""MultiPoint"",""coordinates"":[]}",15135
2022-01-18,"{""type"":""MultiPoint"",""coordinates"":[]}",15136
2021-12-18,"{""type"":""MultiPoint"",""coordinates"":[]}",15137
2021-11-30,"{""type"":""MultiPoint"",""coordinates"":[]}",15138
2022-12-20,"{""type"":""MultiPoint"",""coordinates"":[]}",15139
2022-01-03,"{""type"":""MultiPoint"",""coordinates"":[]}",15140
2021-11-30,"{""type"":""MultiPoint"",""coordinates"":[]}",15141
2021-12-19,"{""type"":""MultiPoint"",""coordinates"":[]}",15142
2022-12-01,"{""type"":""MultiPoint"",""coordinates"":[]}",15143
2021-12-29,"{""type"":""MultiPoint"",""coordinates"":[]}",15144
2021-12-30,"{""type"":""MultiPoint"",""coordinates"":[]}",15145
2021-12-07,"{""type"":""MultiPoint"",""coordinates"":[]}",15146
2021-11-30,"{""type"":""MultiPoint"",""coordinates"":[]}",15147
2021-12-18,"{""type"":""MultiPoint"",""coordinates"":[]}",15148
2021-12-22,"{""type"":""MultiPoint"",""coordinates"":[]}",15149
2022-01-03,"{""type"":""MultiPoint"",""coordinates"":[]}",15150
2021-12-07,"{""type"":""MultiPoint"",""coordinates"":[]}",15151
2021-12-22,"{""type"":""MultiPoint"",""coordinates"":[]}",15152
2021-11-30,"{""type"":""MultiPoint"",""coordinates"":[]}",15153
2021-12-08,"{""type"":""MultiPoint"",""coordinates"":[]}",15154
2022-01-06,"{""type"":""MultiPoint"",""coordinates"":[]}",15155
2021-11-30,"{""type"":""MultiPoint"",""coordinates"":[]}",15156
2021-12-22,"{""type"":""MultiPoint"",""coordinates"":[]}",15157
2021-12-26,"{""type"":""MultiPoint"",""coordinates"":[]}",15158
2021-12-15,"{""type"":""MultiPoint"",""coordinates"":[]}",15159
2021-12-19,"{""type"":""MultiPoint"",""coordinates"":[]}",15160
2021-12-30,"{""type"":""MultiPoint"",""coordinates"":[]}",15161
2021-12-11,"{""type"":""MultiPoint"",""coordinates"":[]}",15162
2021-12-03,"{""type"":""MultiPoint"",""coordinates"":[]}",15163
2022-01-14,"{""type"":""MultiPoint"",""coordinates"":[]}",15164
2021-11-30,"{""type"":""MultiPoint"",""coordinates"":[]}",15165
2021-12-11,"{""type"":""MultiPoint"",""coordinates"":[]}",15166
2021-11-30,"{""type"":""MultiPoint"",""coordinates"":[]}",15167
2021-12-07,"{""type"":""MultiPoint"",""coordinates"":[]}",15168
2021-11-30,"{""type"":""MultiPoint"",""coordinates"":[]}",15169
2021-11-30,"{""type"":""MultiPoint"",""coordinates"":[]}",15170
2021-11-30,"{""type"":""MultiPoint"",""coordinates"":[]}",15171
2021-12-30,"{""type"":""MultiPoint"",""coordinates"":[]}",15172
2021-12-19,"{""type"":""MultiPoint"",""coordinates"":[]}",15173
2021-12-19,"{""type"":""MultiPoint"",""coordinates"":[]}",15174
2021-12-11,"{""type"":""MultiPoint"",""coordinates"":[]}",15175
2021-12-19,"{""type"":""MultiPoint"",""coordinates"":[]}",15176
2021-12-23,"{""type"":""MultiPoint"",""coordinates"":[]}",15177
2021-12-26,"{""type"":""MultiPoint"",""coordinates"":[]}",15178
2021-12-23,"{""type"":""MultiPoint"",""coordinates"":[]}",15179
2021-12-08,"{""type"":""MultiPoint"",""coordinates"":[]}",15180
2022-06-17,"{""type"":""MultiPoint"",""coordinates"":[]}",15181
2021-12-29,"{""type"":""MultiPoint"",""coordinates"":[]}",15182
2021-12-22,"{""type"":""MultiPoint"",""coordinates"":[]}",15183
2021-12-15,"{""type"":""MultiPoint"",""coordinates"":[]}",15184
2021-12-11,"{""type"":""MultiPoint"",""coordinates"":[]}",15185
2022-03-15,"{""type"":""MultiPoint"",""coordinates"":[]}",15186
2021-12-18,"{""type"":""MultiPoint"",""coordinates"":[]}",15187
2021-12-23,"{""type"":""MultiPoint"",""coordinates"":[]}",15188
2022-07-15,"{""type"":""MultiPoint"",""coordinates"":[]}",15189
2022-01-03,"{""type"":""MultiPoint"",""coordinates"":[]}",15190
2022-02-13,"{""type"":""MultiPoint"",""coordinates"":[]}",15191
2022-02-06,"{""type"":""MultiPoint"",""coordinates"":[]}",15192
2021-12-29,"{""type"":""MultiPoint"",""coordinates"":[]}",15193
2022-01-02,"{""type"":""MultiPoint"",""coordinates"":[]}",15194
2021-11-30,"{""type"":""MultiPoint"",""coordinates"":[]}",15195
2021-12-11,"{""type"":""MultiPoint"",""coordinates"":[]}",15196
2021-12-26,"{""type"":""MultiPoint"",""coordinates"":[]}",15197
2021-12-19,"{""type"":""MultiPoint"",""coordinates"":[]}",15198
2021-12-08,"{""type"":""MultiPoint"",""coordinates"":[]}",15199
2021-12-11,"{""type"":""MultiPoint"",""coordinates"":[]}",15200
2022-06-26,"{""type"":""MultiPoint"",""coordinates"":[]}",15201
2022-01-06,"{""type"":""MultiPoint"",""coordinates"":[]}",15202
2021-12-07,"{""type"":""MultiPoint"",""coordinates"":[]}",15203
2022-02-13,"{""type"":""MultiPoint"",""coordinates"":[]}",15204
2021-12-15,"{""type"":""MultiPoint"",""coordinates"":[]}",15205
2021-12-11,"{""type"":""MultiPoint"",""coordinates"":[]}",15206
2021-12-18,"{""type"":""MultiPoint"",""coordinates"":[]}",15207
2022-01-26,"{""type"":""MultiPoint"",""coordinates"":[]}",15208
2021-12-23,"{""type"":""MultiPoint"",""coordinates"":[]}",15209
2021-11-30,"{""type"":""MultiPoint"",""coordinates"":[]}",15210
2023-01-26,"{""type"":""MultiPoint"",""coordinates"":[]}",15211
2022-10-24,"{""type"":""MultiPoint"",""coordinates"":[]}",15212
2021-12-23,"{""type"":""MultiPoint"",""coordinates"":[]}",15213
2021-12-11,"{""type"":""MultiPoint"",""coordinates"":[]}",15214
2021-12-23,"{""type"":""MultiPoint"",""coordinates"":[]}",15215
2021-12-03,"{""type"":""MultiPoint"",""coordinates"":[]}",15216
2021-12-23,"{""type"":""MultiPoint"",""coordinates"":[]}",15217
2022-01-11,"{""type"":""MultiPoint"",""coordinates"":[]}",15218
2022-02-06,"{""type"":""MultiPoint"",""coordinates"":[]}",15219
2021-12-07,"{""type"":""MultiPoint"",""coordinates"":[]}",15220
2021-12-18,"{""type"":""MultiPoint"",""coordinates"":[]}",15221
2021-12-23,"{""type"":""MultiPoint"",""coordinates"":[]}",15222
2021-12-23,"{""type"":""MultiPoint"",""coordinates"":[]}",15223
2021-12-11,"{""type"":""MultiPoint"",""coordinates"":[]}",15224
2021-12-29,"{""type"":""MultiPoint"",""coordinates"":[]}",15225
2021-12-11,"{""type"":""MultiPoint"",""coordinates"":[]}",15226
2021-12-15,"{""type"":""MultiPoint"",""coordinates"":[]}",15227
2022-01-02,"{""type"":""MultiPoint"",""coordinates"":[]}",15228
2021-12-15,"{""type"":""MultiPoint"",""coordinates"":[]}",15229
2022-02-13,"{""type"":""MultiPoint"",""coordinates"":[]}",15230
2021-11-30,"{""type"":""MultiPoint"",""coordinates"":[]}",15231
2021-12-23,"{""type"":""MultiPoint"",""coordinates"":[]}",15232
2022-02-10,"{""type"":""MultiPoint"",""coordinates"":[]}",15233
2021-12-19,"{""type"":""MultiPoint"",""coordinates"":[]}",15234
2022-06-26,"{""type"":""MultiPoint"",""coordinates"":[]}",15235
2021-12-07,"{""type"":""MultiPoint"",""coordinates"":[]}",15236
2021-12-22,"{""type"":""MultiPoint"",""coordinates"":[]}",15237
2021-12-26,"{""type"":""MultiPoint"",""coordinates"":[]}",15238
2021-12-26,"{""type"":""MultiPoint"",""coordinates"":[]}",15239
2021-12-08,"{""type"":""MultiPoint"",""coordinates"":[]}",15240
2022-02-01,"{""type"":""MultiPoint"",""coordinates"":[]}",15241
2021-12-30,"{""type"":""MultiPoint"",""coordinates"":[]}",15242
2021-12-07,"{""type"":""MultiPoint"",""coordinates"":[]}",15243
2021-12-26,"{""type"":""MultiPoint"",""coordinates"":[]}",15244
2021-12-23,"{""type"":""MultiPoint"",""coordinates"":[]}",15245
2021-12-15,"{""type"":""MultiPoint"",""coordinates"":[]}",15246
2021-12-23,"{""type"":""MultiPoint"",""coordinates"":[]}",15247
2021-11-30,"{""type"":""MultiPoint"",""coordinates"":[]}",15248
2022-02-14,"{""type"":""MultiPoint"",""coordinates"":[]}",15249
2021-12-11,"{""type"":""MultiPoint"",""coordinates"":[]}",15250
2022-01-26,"{""type"":""MultiPoint"",""coordinates"":[]}",15251
2021-12-26,"{""type"":""MultiPoint"",""coordinates"":[]}",15252
2021-12-22,"{""type"":""MultiPoint"",""coordinates"":[]}",15253
2021-12-11,"{""type"":""MultiPoint"",""coordinates"":[]}",15254
2021-12-15,"{""type"":""MultiPoint"",""coordinates"":[]}",15255
2021-11-30,"{""type"":""MultiPoint"",""coordinates"":[]}",15256
2021-12-11,"{""type"":""MultiPoint"",""coordinates"":[]}",15257
2021-12-08,"{""type"":""MultiPoint"",""coordinates"":[]}",15258
2022-01-02,"{""type"":""MultiPoint"",""coordinates"":[]}",15259
2021-12-07,"{""type"":""MultiPoint"",""coordinates"":[]}",15260
2021-12-15,"{""type"":""MultiPoint"",""coordinates"":[]}",15261
2023-01-15,"{""type"":""MultiPoint"",""coordinates"":[]}",15262
2022-01-21,"{""type"":""MultiPoint"",""coordinates"":[]}",15263
2021-12-19,"{""type"":""MultiPoint"",""coordinates"":[]}",15264
2021-11-30,"{""type"":""MultiPoint"",""coordinates"":[]}",15265
2021-12-23,"{""type"":""MultiPoint"",""coordinates"":[]}",15266
2021-12-29,"{""type"":""MultiPoint"",""coordinates"":[]}",15267
2022-01-22,"{""type"":""MultiPoint"",""coordinates"":[]}",15268
2021-12-19,"{""type"":""MultiPoint"",""coordinates"":[]}",15269
2021-12-08,"{""type"":""MultiPoint"",""coordinates"":[]}",15270
2022-12-31,"{""type"":""MultiPoint"",""coordinates"":[]}",15271
2022-02-10,"{""type"":""MultiPoint"",""coordinates"":[]}",15272
2021-12-15,"{""type"":""MultiPoint"",""coordinates"":[]}",15273
2021-12-08,"{""type"":""MultiPoint"",""coordinates"":[]}",15274
2021-12-30,"{""type"":""MultiPoint"",""coordinates"":[]}",15275
2021-12-15,"{""type"":""MultiPoint"",""coordinates"":[]}",15276
2021-12-03,"{""type"":""MultiPoint"",""coordinates"":[]}",15277
2021-12-26,"{""type"":""MultiPoint"",""coordinates"":[]}",15278
2021-12-23,"{""type"":""MultiPoint"",""coordinates"":[]}",15279
2021-12-26,"{""type"":""MultiPoint"",""coordinates"":[]}",15280
2021-12-07,"{""type"":""MultiPoint"",""coordinates"":[]}",15281
2021-12-11,"{""type"":""MultiPoint"",""coordinates"":[]}",15282
2021-12-08,"{""type"":""MultiPoint"",""coordinates"":[]}",15283
2021-12-07,"{""type"":""MultiPoint"",""coordinates"":[]}",15284
2022-03-04,"{""type"":""MultiPoint"",""coordinates"":[]}",15285
2022-01-10,"{""type"":""MultiPoint"",""coordinates"":[]}",15286
2021-11-30,"{""type"":""MultiPoint"",""coordinates"":[]}",15287
2021-12-07,"{""type"":""MultiPoint"",""coordinates"":[]}",15288
2021-12-04,"{""type"":""MultiPoint"",""coordinates"":[]}",15289
2022-01-02,"{""type"":""MultiPoint"",""coordinates"":[]}",15290
2021-12-19,"{""type"":""MultiPoint"",""coordinates"":[]}",15291
2021-12-08,"{""type"":""MultiPoint"",""coordinates"":[]}",15292
2021-11-30,"{""type"":""MultiPoint"",""coordinates"":[]}",15293
2021-11-30,"{""type"":""MultiPoint"",""coordinates"":[]}",15294
2021-12-26,"{""type"":""MultiPoint"",""coordinates"":[]}",15295
2021-12-19,"{""type"":""MultiPoint"",""coordinates"":[]}",15296
2021-12-07,"{""type"":""MultiPoint"",""coordinates"":[]}",15297
2021-12-11,"{""type"":""MultiPoint"",""coordinates"":[]}",15298
2021-12-08,"{""type"":""MultiPoint"",""coordinates"":[]}",15299
2022-01-11,"{""type"":""MultiPoint"",""coordinates"":[]}",15300
2021-11-30,"{""type"":""MultiPoint"",""coordinates"":[]}",15301
2021-12-15,"{""type"":""MultiPoint"",""coordinates"":[]}",15302
2022-07-21,"{""type"":""MultiPoint"",""coordinates"":[]}",15303
2021-12-07,"{""type"":""MultiPoint"",""coordinates"":[]}",15304
2021-12-07,"{""type"":""MultiPoint"",""coordinates"":[]}",15305
2021-12-19,"{""type"":""MultiPoint"",""coordinates"":[]}",15306
2021-12-15,"{""type"":""MultiPoint"",""coordinates"":[]}",15307
2021-12-14,"{""type"":""MultiPoint"",""coordinates"":[]}",15308
2021-12-15,"{""type"":""MultiPoint"",""coordinates"":[]}",15309
2022-01-14,"{""type"":""MultiPoint"",""coordinates"":[]}",15310
2021-12-15,"{""type"":""MultiPoint"",""coordinates"":[]}",15311
2022-01-10,"{""type"":""MultiPoint"",""coordinates"":[]}",15312
2022-01-25,"{""type"":""MultiPoint"",""coordinates"":[]}",15313
2021-12-03,"{""type"":""MultiPoint"",""coordinates"":[]}",15314
2021-12-19,"{""type"":""MultiPoint"",""coordinates"":[]}",15315
2021-12-08,"{""type"":""MultiPoint"",""coordinates"":[]}",15316
2021-12-14,"{""type"":""MultiPoint"",""coordinates"":[]}",15317
2022-02-06,"{""type"":""MultiPoint"",""coordinates"":[]}",15318
2022-02-21,"{""type"":""MultiPoint"",""coordinates"":[]}",15319
2022-02-02,"{""type"":""MultiPoint"",""coordinates"":[]}",15320
2021-12-30,"{""type"":""MultiPoint"",""coordinates"":[]}",15321
2022-01-21,"{""type"":""MultiPoint"",""coordinates"":[]}",15322
2021-12-07,"{""type"":""MultiPoint"",""coordinates"":[]}",15323
2022-01-11,"{""type"":""MultiPoint"",""coordinates"":[]}",15324
2021-12-07,"{""type"":""MultiPoint"",""coordinates"":[]}",15325
2022-03-11,"{""type"":""MultiPoint"",""coordinates"":[]}",15326
2021-12-07,"{""type"":""MultiPoint"",""coordinates"":[]}",15327
2021-12-19,"{""type"":""MultiPoint"",""coordinates"":[]}",15328
2021-12-08,"{""type"":""MultiPoint"",""coordinates"":[]}",15329
2022-01-21,"{""type"":""MultiPoint"",""coordinates"":[]}",15330
2021-12-14,"{""type"":""MultiPoint"",""coordinates"":[]}",15331
2022-01-14,"{""type"":""MultiPoint"",""coordinates"":[]}",15332
2022-01-21,"{""type"":""MultiPoint"",""coordinates"":[]}",15333
2021-12-08,"{""type"":""MultiPoint"",""coordinates"":[]}",15334
2021-12-08,"{""type"":""MultiPoint"",""coordinates"":[]}",15335
2021-12-08,"{""type"":""MultiPoint"",""coordinates"":[]}",15336
2022-07-21,"{""type"":""MultiPoint"",""coordinates"":[]}",15337
2022-02-01,"{""type"":""MultiPoint"",""coordinates"":[]}",15338
2022-02-10,"{""type"":""MultiPoint"",""coordinates"":[]}",15339
2022-04-10,"{""type"":""MultiPoint"",""coordinates"":[]}",15340
2022-02-06,"{""type"":""MultiPoint"",""coordinates"":[]}",15341
2022-02-10,"{""type"":""MultiPoint"",""coordinates"":[]}",15342
2021-12-04,"{""type"":""MultiPoint"",""coordinates"":[]}",15343
2021-12-11,"{""type"":""MultiPoint"",""coordinates"":[]}",15344
2021-12-03,"{""type"":""MultiPoint"",""coordinates"":[]}",15345
2021-12-08,"{""type"":""MultiPoint"",""coordinates"":[]}",15346
2021-12-14,"{""type"":""MultiPoint"",""coordinates"":[]}",15347
2021-12-03,"{""type"":""MultiPoint"",""coordinates"":[]}",15348
2022-02-05,"{""type"":""MultiPoint"",""coordinates"":[]}",15349
2022-02-17,"{""type"":""MultiPoint"",""coordinates"":[]}",15350
2022-10-28,"{""type"":""MultiPoint"",""coordinates"":[]}",15351
2022-03-04,"{""type"":""MultiPoint"",""coordinates"":[]}",15352
2021-12-04,"{""type"":""MultiPoint"",""coordinates"":[]}",15353
2021-12-03,"{""type"":""MultiPoint"",""coordinates"":[]}",15354
2022-02-02,"{""type"":""MultiPoint"",""coordinates"":[]}",15355
2022-02-21,"{""type"":""MultiPoint"",""coordinates"":[]}",15356
2021-12-04,"{""type"":""MultiPoint"",""coordinates"":[]}",15357
2022-05-04,"{""type"":""MultiPoint"",""coordinates"":[]}",15358
2022-01-10,"{""type"":""MultiPoint"",""coordinates"":[]}",15359
2021-12-30,"{""type"":""MultiPoint"",""coordinates"":[]}",15360
2021-12-04,"{""type"":""MultiPoint"",""coordinates"":[]}",15361
2022-02-21,"{""type"":""MultiPoint"",""coordinates"":[]}",15362
2021-12-04,"{""type"":""MultiPoint"",""coordinates"":[]}",15363
2021-12-04,"{""type"":""MultiPoint"",""coordinates"":[]}",15364
2021-12-04,"{""type"":""MultiPoint"",""coordinates"":[]}",15365
2022-08-29,"{""type"":""MultiPoint"",""coordinates"":[]}",15366
2022-02-10,"{""type"":""MultiPoint"",""coordinates"":[]}",15367
2021-12-30,"{""type"":""MultiPoint"",""coordinates"":[]}",15368
2021-12-04,"{""type"":""MultiPoint"",""coordinates"":[]}",15369
2022-02-17,"{""type"":""MultiPoint"",""coordinates"":[]}",15370
2022-02-17,"{""type"":""MultiPoint"",""coordinates"":[]}",15371
2021-12-15,"{""type"":""MultiPoint"",""coordinates"":[]}",15372
2021-12-04,"{""type"":""MultiPoint"",""coordinates"":[]}",15373
2021-12-08,"{""type"":""MultiPoint"",""coordinates"":[]}",15374
2021-12-08,"{""type"":""MultiPoint"",""coordinates"":[]}",15375
2021-12-04,"{""type"":""MultiPoint"",""coordinates"":[]}",15376
2021-12-07,"{""type"":""MultiPoint"",""coordinates"":[]}",15377
2022-02-02,"{""type"":""MultiPoint"",""coordinates"":[]}",15378
2022-03-11,"{""type"":""MultiPoint"",""coordinates"":[]}",15379
2021-12-04,"{""type"":""MultiPoint"",""coordinates"":[]}",15380
2021-12-08,"{""type"":""MultiPoint"",""coordinates"":[]}",15381
2022-02-20,"{""type"":""MultiPoint"",""coordinates"":[]}",15382
2022-03-11,"{""type"":""MultiPoint"",""coordinates"":[]}",15383
2023-02-10,"{""type"":""MultiPoint"",""coordinates"":[]}",15384
2021-12-11,"{""type"":""MultiPoint"",""coordinates"":[]}",15385
2022-02-01,"{""type"":""MultiPoint"",""coordinates"":[]}",15386
2022-03-15,"{""type"":""MultiPoint"",""coordinates"":[]}",15387
2022-02-10,"{""type"":""MultiPoint"",""coordinates"":[]}",15388
2022-02-02,"{""type"":""MultiPoint"",""coordinates"":[]}",15389
2021-12-04,"{""type"":""MultiPoint"",""coordinates"":[]}",15390
2022-04-03,"{""type"":""MultiPoint"",""coordinates"":[]}",15391
2021-12-04,"{""type"":""MultiPoint"",""coordinates"":[]}",15392
2021-12-26,"{""type"":""MultiPoint"",""coordinates"":[]}",15393
2022-11-05,"{""type"":""MultiPoint"",""coordinates"":[]}",15394
2022-10-28,"{""type"":""MultiPoint"",""coordinates"":[]}",15395
2022-03-07,"{""type"":""MultiPoint"",""coordinates"":[]}",15396
2022-02-25,"{""type"":""MultiPoint"",""coordinates"":[]}",15397
2022-02-17,"{""type"":""MultiPoint"",""coordinates"":[]}",15398
2022-03-16,"{""type"":""MultiPoint"",""coordinates"":[]}",15399
2022-03-04,"{""type"":""MultiPoint"",""coordinates"":[]}",15400
2022-02-21,"{""type"":""MultiPoint"",""coordinates"":[]}",15401
2021-12-04,"{""type"":""MultiPoint"",""coordinates"":[]}",15402
2022-03-15,"{""type"":""MultiPoint"",""coordinates"":[]}",15403
2022-02-21,"{""type"":""MultiPoint"",""coordinates"":[]}",15404
2022-02-20,"{""type"":""MultiPoint"",""coordinates"":[]}",15405
2022-01-25,"{""type"":""MultiPoint"",""coordinates"":[]}",15406
2021-12-08,"{""type"":""MultiPoint"",""coordinates"":[]}",15407
2022-05-23,"{""type"":""MultiPoint"",""coordinates"":[]}",15408
2022-03-16,"{""type"":""MultiPoint"",""coordinates"":[]}",15409
2022-02-28,"{""type"":""MultiPoint"",""coordinates"":[]}",15410
2022-03-07,"{""type"":""MultiPoint"",""coordinates"":[]}",15411
2022-03-07,"{""type"":""MultiPoint"",""coordinates"":[]}",15412
2022-01-21,"{""type"":""MultiPoint"",""coordinates"":[]}",15413
2022-02-20,"{""type"":""MultiPoint"",""coordinates"":[]}",15414
2022-03-19,"{""type"":""MultiPoint"",""coordinates"":[]}",15415
2022-02-21,"{""type"":""MultiPoint"",""coordinates"":[]}",15416
2022-02-17,"{""type"":""MultiPoint"",""coordinates"":[]}",15417
2022-02-24,"{""type"":""MultiPoint"",""coordinates"":[]}",15418
2022-02-21,"{""type"":""MultiPoint"",""coordinates"":[]}",15419
2022-01-14,"{""type"":""MultiPoint"",""coordinates"":[]}",15420
2021-12-04,"{""type"":""MultiPoint"",""coordinates"":[]}",15421
2022-01-14,"{""type"":""MultiPoint"",""coordinates"":[]}",15422
2022-02-10,"{""type"":""MultiPoint"",""coordinates"":[]}",15423
2022-03-16,"{""type"":""MultiPoint"",""coordinates"":[]}",15424
2022-02-17,"{""type"":""MultiPoint"",""coordinates"":[]}",15425
2022-03-07,"{""type"":""MultiPoint"",""coordinates"":[]}",15426
2022-01-26,"{""type"":""MultiPoint"",""coordinates"":[]}",15427
2023-03-24,"{""type"":""MultiPoint"",""coordinates"":[]}",15428
2021-12-04,"{""type"":""MultiPoint"",""coordinates"":[]}",15429
2022-02-21,"{""type"":""MultiPoint"",""coordinates"":[]}",15430
2023-02-07,"{""type"":""MultiPoint"",""coordinates"":[]}",15431
2022-02-20,"{""type"":""MultiPoint"",""coordinates"":[]}",15432
2022-02-13,"{""type"":""MultiPoint"",""coordinates"":[]}",15433
2022-02-20,"{""type"":""MultiPoint"",""coordinates"":[]}",15434
2022-02-20,"{""type"":""MultiPoint"",""coordinates"":[]}",15435
2021-12-04,"{""type"":""MultiPoint"",""coordinates"":[]}",15436
2023-02-07,"{""type"":""MultiPoint"",""coordinates"":[]}",15437
2022-02-20,"{""type"":""MultiPoint"",""coordinates"":[]}",15438
2021-12-08,"{""type"":""MultiPoint"",""coordinates"":[]}",15439
2021-12-04,"{""type"":""MultiPoint"",""coordinates"":[]}",15440
2021-12-04,"{""type"":""MultiPoint"",""coordinates"":[]}",15441
2022-02-21,"{""type"":""MultiPoint"",""coordinates"":[]}",15442
2021-12-04,"{""type"":""MultiPoint"",""coordinates"":[]}",15443
2022-02-17,"{""type"":""MultiPoint"",""coordinates"":[]}",15444
2022-03-23,"{""type"":""MultiPoint"",""coordinates"":[]}",15445
2021-12-04,"{""type"":""MultiPoint"",""coordinates"":[]}",15446
2022-02-17,"{""type"":""MultiPoint"",""coordinates"":[]}",15447
2022-02-17,"{""type"":""MultiPoint"",""coordinates"":[]}",15448
2021-12-04,"{""type"":""MultiPoint"",""coordinates"":[]}",15449
2022-03-26,"{""type"":""MultiPoint"",""coordinates"":[]}",15450
2022-02-20,"{""type"":""MultiPoint"",""coordinates"":[]}",15451
2022-02-24,"{""type"":""MultiPoint"",""coordinates"":[]}",15452
2022-03-19,"{""type"":""MultiPoint"",""coordinates"":[]}",15453
2022-02-21,"{""type"":""MultiPoint"",""coordinates"":[]}",15454
2022-02-24,"{""type"":""MultiPoint"",""coordinates"":[]}",15455
2021-12-04,"{""type"":""MultiPoint"",""coordinates"":[]}",15456
2022-02-20,"{""type"":""MultiPoint"",""coordinates"":[]}",15457
2021-12-04,"{""type"":""MultiPoint"",""coordinates"":[]}",15458
2022-03-16,"{""type"":""MultiPoint"",""coordinates"":[]}",15459
2022-02-20,"{""type"":""MultiPoint"",""coordinates"":[]}",15460
2022-03-23,"{""type"":""MultiPoint"",""coordinates"":[]}",15461
2022-02-25,"{""type"":""MultiPoint"",""coordinates"":[]}",15462
2022-02-01,"{""type"":""MultiPoint"",""coordinates"":[]}",15463
2021-12-08,"{""type"":""MultiPoint"",""coordinates"":[]}",15464
2022-03-23,"{""type"":""MultiPoint"",""coordinates"":[]}",15465
2021-12-04,"{""type"":""MultiPoint"",""coordinates"":[]}",15466
2022-03-19,"{""type"":""MultiPoint"",""coordinates"":[]}",15467
2021-12-04,"{""type"":""MultiPoint"",""coordinates"":[]}",15468
2021-12-08,"{""type"":""MultiPoint"",""coordinates"":[]}",15469
2022-02-25,"{""type"":""MultiPoint"",""coordinates"":[]}",15470
2022-02-28,"{""type"":""MultiPoint"",""coordinates"":[]}",15471
2022-02-20,"{""type"":""MultiPoint"",""coordinates"":[]}",15472
2022-02-24,"{""type"":""MultiPoint"",""coordinates"":[]}",15473
2022-03-19,"{""type"":""MultiPoint"",""coordinates"":[]}",15474
2022-02-25,"{""type"":""MultiPoint"",""coordinates"":[]}",15475
2022-01-14,"{""type"":""MultiPoint"",""coordinates"":[]}",15476
2021-12-08,"{""type"":""MultiPoint"",""coordinates"":[]}",15477
2022-02-25,"{""type"":""MultiPoint"",""coordinates"":[]}",15478
2021-12-04,"{""type"":""MultiPoint"",""coordinates"":[]}",15479
2022-03-19,"{""type"":""MultiPoint"",""coordinates"":[]}",15480
2022-02-17,"{""type"":""MultiPoint"",""coordinates"":[]}",15481
2022-08-29,"{""type"":""MultiPoint"",""coordinates"":[]}",15482
2022-02-01,"{""type"":""MultiPoint"",""coordinates"":[]}",15483
2022-03-19,"{""type"":""MultiPoint"",""coordinates"":[]}",15484
2022-03-19,"{""type"":""MultiPoint"",""coordinates"":[]}",15485
2022-02-28,"{""type"":""MultiPoint"",""coordinates"":[]}",15486
2022-02-20,"{""type"":""MultiPoint"",""coordinates"":[]}",15487
2022-02-25,"{""type"":""MultiPoint"",""coordinates"":[]}",15488
2022-02-28,"{""type"":""MultiPoint"",""coordinates"":[]}",15489
2022-04-10,"{""type"":""MultiPoint"",""coordinates"":[]}",15490
2022-02-24,"{""type"":""MultiPoint"",""coordinates"":[]}",15491
2022-10-21,"{""type"":""MultiPoint"",""coordinates"":[]}",15492
2023-02-18,"{""type"":""MultiPoint"",""coordinates"":[]}",15493
2022-02-28,"{""type"":""MultiPoint"",""coordinates"":[]}",15494
2022-03-16,"{""type"":""MultiPoint"",""coordinates"":[]}",15495
2022-04-03,"{""type"":""MultiPoint"",""coordinates"":[]}",15496
2022-03-27,"{""type"":""MultiPoint"",""coordinates"":[]}",15497
2022-10-16,"{""type"":""MultiPoint"",""coordinates"":[]}",15498
2022-03-23,"{""type"":""MultiPoint"",""coordinates"":[]}",15499
2022-03-11,"{""type"":""MultiPoint"",""coordinates"":[]}",15500
2022-02-28,"{""type"":""MultiPoint"",""coordinates"":[]}",15501
2022-03-16,"{""type"":""MultiPoint"",""coordinates"":[]}",15502
2022-02-24,"{""type"":""MultiPoint"",""coordinates"":[]}",15503
2022-02-25,"{""type"":""MultiPoint"",""coordinates"":[]}",15504
2022-03-08,"{""type"":""MultiPoint"",""coordinates"":[]}",15505
2022-03-23,"{""type"":""MultiPoint"",""coordinates"":[]}",15506
2022-02-28,"{""type"":""MultiPoint"",""coordinates"":[]}",15507
2022-08-29,"{""type"":""MultiPoint"",""coordinates"":[]}",15508
2022-02-25,"{""type"":""MultiPoint"",""coordinates"":[]}",15509
2022-02-20,"{""type"":""MultiPoint"",""coordinates"":[]}",15510
2022-03-23,"{""type"":""MultiPoint"",""coordinates"":[]}",15511
2022-04-14,"{""type"":""MultiPoint"",""coordinates"":[]}",15512
2022-02-25,"{""type"":""MultiPoint"",""coordinates"":[]}",15513
2022-03-19,"{""type"":""MultiPoint"",""coordinates"":[]}",15514
2022-03-01,"{""type"":""MultiPoint"",""coordinates"":[]}",15515
2022-03-16,"{""type"":""MultiPoint"",""coordinates"":[]}",15516
2023-03-02,"{""type"":""MultiPoint"",""coordinates"":[]}",15517
2022-03-23,"{""type"":""MultiPoint"",""coordinates"":[]}",15518
2022-03-27,"{""type"":""MultiPoint"",""coordinates"":[]}",15519
2022-03-12,"{""type"":""MultiPoint"",""coordinates"":[]}",15520
2022-03-12,"{""type"":""MultiPoint"",""coordinates"":[]}",15521
2022-03-23,"{""type"":""MultiPoint"",""coordinates"":[]}",15522
2022-03-26,"{""type"":""MultiPoint"",""coordinates"":[]}",15523
2022-05-14,"{""type"":""MultiPoint"",""coordinates"":[]}",15524
2023-03-01,"{""type"":""MultiPoint"",""coordinates"":[]}",15525
2022-03-01,"{""type"":""MultiPoint"",""coordinates"":[]}",15526
2022-04-04,"{""type"":""MultiPoint"",""coordinates"":[]}",15527
2022-02-28,"{""type"":""MultiPoint"",""coordinates"":[]}",15528
2022-03-11,"{""type"":""MultiPoint"",""coordinates"":[]}",15529
2022-02-28,"{""type"":""MultiPoint"",""coordinates"":[]}",15530
2022-02-25,"{""type"":""MultiPoint"",""coordinates"":[]}",15531
2022-03-11,"{""type"":""MultiPoint"",""coordinates"":[]}",15532
2022-03-23,"{""type"":""MultiPoint"",""coordinates"":[]}",15533
2022-03-23,"{""type"":""MultiPoint"",""coordinates"":[]}",15534
2022-03-16,"{""type"":""MultiPoint"",""coordinates"":[]}",15535
2022-03-16,"{""type"":""MultiPoint"",""coordinates"":[]}",15536
2022-03-08,"{""type"":""MultiPoint"",""coordinates"":[]}",15537
2022-04-23,"{""type"":""MultiPoint"",""coordinates"":[]}",15538
2022-02-25,"{""type"":""MultiPoint"",""coordinates"":[]}",15539
2022-04-03,"{""type"":""MultiPoint"",""coordinates"":[]}",15540
2022-04-23,"{""type"":""MultiPoint"",""coordinates"":[]}",15541
2022-03-23,"{""type"":""MultiPoint"",""coordinates"":[]}",15542
2022-03-26,"{""type"":""MultiPoint"",""coordinates"":[]}",15543
2022-05-03,"{""type"":""MultiPoint"",""coordinates"":[]}",15544
2022-03-27,"{""type"":""MultiPoint"",""coordinates"":[]}",15545
2022-02-24,"{""type"":""MultiPoint"",""coordinates"":[]}",15546
2022-03-27,"{""type"":""MultiPoint"",""coordinates"":[]}",15547
2022-03-30,"{""type"":""MultiPoint"",""coordinates"":[]}",15548
2022-02-24,"{""type"":""MultiPoint"",""coordinates"":[]}",15549
2022-03-27,"{""type"":""MultiPoint"",""coordinates"":[]}",15550
2022-02-20,"{""type"":""MultiPoint"",""coordinates"":[]}",15551
2022-03-01,"{""type"":""MultiPoint"",""coordinates"":[]}",15552
2023-02-22,"{""type"":""MultiPoint"",""coordinates"":[]}",15553
2022-03-11,"{""type"":""MultiPoint"",""coordinates"":[]}",15554
2022-03-01,"{""type"":""MultiPoint"",""coordinates"":[]}",15555
2022-03-08,"{""type"":""MultiPoint"",""coordinates"":[]}",15556
2022-04-15,"{""type"":""MultiPoint"",""coordinates"":[]}",15557
2022-02-25,"{""type"":""MultiPoint"",""coordinates"":[]}",15558
2022-02-28,"{""type"":""MultiPoint"",""coordinates"":[]}",15559
2022-02-28,"{""type"":""MultiPoint"",""coordinates"":[]}",15560
2022-03-12,"{""type"":""MultiPoint"",""coordinates"":[]}",15561
2022-05-04,"{""type"":""MultiPoint"",""coordinates"":[]}",15562
2022-05-04,"{""type"":""MultiPoint"",""coordinates"":[]}",15563
2022-03-11,"{""type"":""MultiPoint"",""coordinates"":[]}",15564
2022-05-23,"{""type"":""MultiPoint"",""coordinates"":[]}",15565
2022-04-03,"{""type"":""MultiPoint"",""coordinates"":[]}",15566
2022-03-08,"{""type"":""MultiPoint"",""coordinates"":[]}",15567
2022-03-08,"{""type"":""MultiPoint"",""coordinates"":[]}",15568
2022-03-12,"{""type"":""MultiPoint"",""coordinates"":[]}",15569
2022-04-04,"{""type"":""MultiPoint"",""coordinates"":[]}",15570
2022-09-02,"{""type"":""MultiPoint"",""coordinates"":[]}",15571
2022-03-01,"{""type"":""MultiPoint"",""coordinates"":[]}",15572
2022-02-25,"{""type"":""MultiPoint"",""coordinates"":[]}",15573
2022-05-07,"{""type"":""MultiPoint"",""coordinates"":[]}",15574
2022-03-01,"{""type"":""MultiPoint"",""coordinates"":[]}",15575
2022-03-08,"{""type"":""MultiPoint"",""coordinates"":[]}",15576
2022-03-08,"{""type"":""MultiPoint"",""coordinates"":[]}",15577
2022-03-26,"{""type"":""MultiPoint"",""coordinates"":[]}",15578
2022-03-08,"{""type"":""MultiPoint"",""coordinates"":[]}",15579
2022-03-08,"{""type"":""MultiPoint"",""coordinates"":[]}",15580
2022-05-04,"{""type"":""MultiPoint"",""coordinates"":[]}",15581
2022-03-12,"{""type"":""MultiPoint"",""coordinates"":[]}",15582
2022-02-25,"{""type"":""MultiPoint"",""coordinates"":[]}",15583
2022-03-01,"{""type"":""MultiPoint"",""coordinates"":[]}",15584
2022-04-03,"{""type"":""MultiPoint"",""coordinates"":[]}",15585
2022-04-03,"{""type"":""MultiPoint"",""coordinates"":[]}",15586
2022-05-04,"{""type"":""MultiPoint"",""coordinates"":[]}",15587
2022-03-11,"{""type"":""MultiPoint"",""coordinates"":[]}",15588
2022-04-23,"{""type"":""MultiPoint"",""coordinates"":[]}",15589
2022-03-01,"{""type"":""MultiPoint"",""coordinates"":[]}",15590
2022-03-01,"{""type"":""MultiPoint"",""coordinates"":[]}",15591
2022-03-27,"{""type"":""MultiPoint"",""coordinates"":[]}",15592
2022-04-03,"{""type"":""MultiPoint"",""coordinates"":[]}",15593
2022-04-29,"{""type"":""MultiPoint"",""coordinates"":[]}",15594
2022-03-01,"{""type"":""MultiPoint"",""coordinates"":[]}",15595
2023-04-04,"{""type"":""MultiPoint"",""coordinates"":[]}",15596
2022-04-29,"{""type"":""MultiPoint"",""coordinates"":[]}",15597
2022-03-12,"{""type"":""MultiPoint"",""coordinates"":[]}",15598
2022-03-12,"{""type"":""MultiPoint"",""coordinates"":[]}",15599
2022-03-27,"{""type"":""MultiPoint"",""coordinates"":[]}",15600
2022-03-01,"{""type"":""MultiPoint"",""coordinates"":[]}",15601
2022-02-25,"{""type"":""MultiPoint"",""coordinates"":[]}",15602
2022-03-08,"{""type"":""MultiPoint"",""coordinates"":[]}",15603
2022-03-12,"{""type"":""MultiPoint"",""coordinates"":[]}",15604
2022-03-01,"{""type"":""MultiPoint"",""coordinates"":[]}",15605
2022-03-27,"{""type"":""MultiPoint"",""coordinates"":[]}",15606
2022-03-01,"{""type"":""MultiPoint"",""coordinates"":[]}",15607
2022-03-27,"{""type"":""MultiPoint"",""coordinates"":[]}",15608
2022-04-04,"{""type"":""MultiPoint"",""coordinates"":[]}",15609
2022-03-11,"{""type"":""MultiPoint"",""coordinates"":[]}",15610
2022-04-14,"{""type"":""MultiPoint"",""coordinates"":[]}",15611
2022-03-26,"{""type"":""MultiPoint"",""coordinates"":[]}",15612
2022-04-23,"{""type"":""MultiPoint"",""coordinates"":[]}",15613
2022-02-25,"{""type"":""MultiPoint"",""coordinates"":[]}",15614
2022-03-27,"{""type"":""MultiPoint"",""coordinates"":[]}",15615
2022-03-12,"{""type"":""MultiPoint"",""coordinates"":[]}",15616
2022-04-04,"{""type"":""MultiPoint"",""coordinates"":[]}",15617
2022-03-08,"{""type"":""MultiPoint"",""coordinates"":[]}",15618
2022-03-08,"{""type"":""MultiPoint"",""coordinates"":[]}",15619
2022-03-30,"{""type"":""MultiPoint"",""coordinates"":[]}",15620
2022-03-30,"{""type"":""MultiPoint"",""coordinates"":[]}",15621
2022-03-01,"{""type"":""MultiPoint"",""coordinates"":[]}",15622
2022-03-16,"{""type"":""MultiPoint"",""coordinates"":[]}",15623
2022-03-31,"{""type"":""MultiPoint"",""coordinates"":[]}",15624
2022-03-30,"{""type"":""MultiPoint"",""coordinates"":[]}",15625
2022-03-12,"{""type"":""MultiPoint"",""coordinates"":[]}",15626
2022-03-08,"{""type"":""MultiPoint"",""coordinates"":[]}",15627
2022-07-29,"{""type"":""MultiPoint"",""coordinates"":[]}",15628
2022-03-01,"{""type"":""MultiPoint"",""coordinates"":[]}",15629
2022-03-12,"{""type"":""MultiPoint"",""coordinates"":[]}",15630
2022-03-01,"{""type"":""MultiPoint"",""coordinates"":[]}",15631
2022-03-01,"{""type"":""MultiPoint"",""coordinates"":[]}",15632
2022-03-08,"{""type"":""MultiPoint"",""coordinates"":[]}",15633
2023-03-21,"{""type"":""MultiPoint"",""coordinates"":[]}",15634
2022-03-01,"{""type"":""MultiPoint"",""coordinates"":[]}",15635
2022-03-30,"{""type"":""MultiPoint"",""coordinates"":[]}",15636
2022-03-31,"{""type"":""MultiPoint"",""coordinates"":[]}",15637
2022-03-30,"{""type"":""MultiPoint"",""coordinates"":[]}",15638
2022-03-08,"{""type"":""MultiPoint"",""coordinates"":[]}",15639
2023-03-31,"{""type"":""MultiPoint"",""coordinates"":[]}",15640
2022-03-27,"{""type"":""MultiPoint"",""coordinates"":[]}",15641
2022-03-27,"{""type"":""MultiPoint"",""coordinates"":[]}",15642
2022-03-30,"{""type"":""MultiPoint"",""coordinates"":[]}",15643
2022-03-31,"{""type"":""MultiPoint"",""coordinates"":[]}",15644
2022-07-29,"{""type"":""MultiPoint"",""coordinates"":[]}",15645
2022-03-31,"{""type"":""MultiPoint"",""coordinates"":[]}",15646
2022-03-08,"{""type"":""MultiPoint"",""coordinates"":[]}",15647
2022-04-04,"{""type"":""MultiPoint"",""coordinates"":[]}",15648
2023-03-02,"{""type"":""MultiPoint"",""coordinates"":[]}",15649
2022-03-12,"{""type"":""MultiPoint"",""coordinates"":[]}",15650
2022-03-08,"{""type"":""MultiPoint"",""coordinates"":[]}",15651
2022-03-30,"{""type"":""MultiPoint"",""coordinates"":[]}",15652
2022-05-07,"{""type"":""MultiPoint"",""coordinates"":[]}",15653
2022-05-15,"{""type"":""MultiPoint"",""coordinates"":[]}",15654
2022-09-17,"{""type"":""MultiPoint"",""coordinates"":[]}",15655
2022-03-01,"{""type"":""MultiPoint"",""coordinates"":[]}",15656
2022-03-30,"{""type"":""MultiPoint"",""coordinates"":[]}",15657
2022-03-27,"{""type"":""MultiPoint"",""coordinates"":[]}",15658
2022-05-04,"{""type"":""MultiPoint"",""coordinates"":[]}",15659
2022-03-31,"{""type"":""MultiPoint"",""coordinates"":[]}",15660
2022-08-28,"{""type"":""MultiPoint"",""coordinates"":[]}",15661
2022-03-30,"{""type"":""MultiPoint"",""coordinates"":[]}",15662
2022-05-04,"{""type"":""MultiPoint"",""coordinates"":[]}",15663
2022-03-12,"{""type"":""MultiPoint"",""coordinates"":[]}",15664
2022-07-26,"{""type"":""MultiPoint"",""coordinates"":[]}",15665
2022-04-23,"{""type"":""MultiPoint"",""coordinates"":[]}",15666
2022-03-08,"{""type"":""MultiPoint"",""coordinates"":[]}",15667
2022-03-16,"{""type"":""MultiPoint"",""coordinates"":[]}",15668
2022-03-01,"{""type"":""MultiPoint"",""coordinates"":[]}",15669
2022-04-29,"{""type"":""MultiPoint"",""coordinates"":[]}",15670
2022-03-31,"{""type"":""MultiPoint"",""coordinates"":[]}",15671
2022-03-12,"{""type"":""MultiPoint"",""coordinates"":[]}",15672
2022-03-31,"{""type"":""MultiPoint"",""coordinates"":[]}",15673
2022-08-28,"{""type"":""MultiPoint"",""coordinates"":[]}",15674
2022-03-30,"{""type"":""MultiPoint"",""coordinates"":[]}",15675
2022-03-01,"{""type"":""MultiPoint"",""coordinates"":[]}",15676
2022-07-29,"{""type"":""MultiPoint"",""coordinates"":[]}",15677
2022-03-16,"{""type"":""MultiPoint"",""coordinates"":[]}",15678
2022-03-08,"{""type"":""MultiPoint"",""coordinates"":[]}",15679
2022-03-31,"{""type"":""MultiPoint"",""coordinates"":[]}",15680
2022-03-31,"{""type"":""MultiPoint"",""coordinates"":[]}",15681
2022-06-10,"{""type"":""MultiPoint"",""coordinates"":[]}",15682
2022-04-22,"{""type"":""MultiPoint"",""coordinates"":[]}",15683
2022-03-31,"{""type"":""MultiPoint"",""coordinates"":[]}",15684
2022-03-30,"{""type"":""MultiPoint"",""coordinates"":[]}",15685
2022-03-08,"{""type"":""MultiPoint"",""coordinates"":[]}",15686
2022-08-29,"{""type"":""MultiPoint"",""coordinates"":[]}",15687
2022-03-08,"{""type"":""MultiPoint"",""coordinates"":[]}",15688
2022-03-31,"{""type"":""MultiPoint"",""coordinates"":[]}",15689
2022-08-28,"{""type"":""MultiPoint"",""coordinates"":[]}",15690
2022-04-10,"{""type"":""MultiPoint"",""coordinates"":[]}",15691
2022-04-07,"{""type"":""MultiPoint"",""coordinates"":[]}",15692
2022-03-12,"{""type"":""MultiPoint"",""coordinates"":[]}",15693
2022-03-12,"{""type"":""MultiPoint"",""coordinates"":[]}",15694
2022-03-12,"{""type"":""MultiPoint"",""coordinates"":[]}",15695
2022-05-19,"{""type"":""MultiPoint"",""coordinates"":[]}",15696
2023-04-19,"{""type"":""MultiPoint"",""coordinates"":[]}",15697
2022-08-17,"{""type"":""MultiPoint"",""coordinates"":[]}",15698
2022-03-27,"{""type"":""MultiPoint"",""coordinates"":[]}",15699
2022-05-15,"{""type"":""MultiPoint"",""coordinates"":[]}",15700
2022-03-31,"{""type"":""MultiPoint"",""coordinates"":[]}",15701
2022-05-27,"{""type"":""MultiPoint"",""coordinates"":[]}",15702
2022-04-14,"{""type"":""MultiPoint"",""coordinates"":[]}",15703
2022-07-21,"{""type"":""MultiPoint"",""coordinates"":[]}",15704
2022-04-07,"{""type"":""MultiPoint"",""coordinates"":[]}",15705
2022-05-04,"{""type"":""MultiPoint"",""coordinates"":[]}",15706
2022-08-28,"{""type"":""MultiPoint"",""coordinates"":[]}",15707
2022-04-22,"{""type"":""MultiPoint"",""coordinates"":[]}",15708
2022-08-25,"{""type"":""MultiPoint"",""coordinates"":[]}",15709
2022-03-27,"{""type"":""MultiPoint"",""coordinates"":[]}",15710
2022-03-31,"{""type"":""MultiPoint"",""coordinates"":[]}",15711
2022-06-02,"{""type"":""MultiPoint"",""coordinates"":[]}",15712
2022-05-04,"{""type"":""MultiPoint"",""coordinates"":[]}",15713
2022-05-23,"{""type"":""MultiPoint"",""coordinates"":[]}",15714
2022-04-29,"{""type"":""MultiPoint"",""coordinates"":[]}",15715
2022-03-08,"{""type"":""MultiPoint"",""coordinates"":[]}",15716
2022-05-03,"{""type"":""MultiPoint"",""coordinates"":[]}",15717
2022-08-13,"{""type"":""MultiPoint"",""coordinates"":[]}",15718
2022-05-04,"{""type"":""MultiPoint"",""coordinates"":[]}",15719
2022-04-30,"{""type"":""MultiPoint"",""coordinates"":[]}",15720
2022-05-04,"{""type"":""MultiPoint"",""coordinates"":[]}",15721
2022-05-26,"{""type"":""MultiPoint"",""coordinates"":[]}",15722
2022-04-29,"{""type"":""MultiPoint"",""coordinates"":[]}",15723
2022-05-27,"{""type"":""MultiPoint"",""coordinates"":[]}",15724
2022-06-30,"{""type"":""MultiPoint"",""coordinates"":[]}",15725
2022-04-23,"{""type"":""MultiPoint"",""coordinates"":[]}",15726
2022-05-23,"{""type"":""MultiPoint"",""coordinates"":[]}",15727
2022-06-30,"{""type"":""MultiPoint"",""coordinates"":[]}",15728
2022-04-07,"{""type"":""MultiPoint"",""coordinates"":[]}",15729
2022-05-04,"{""type"":""MultiPoint"",""coordinates"":[]}",15730
2022-05-26,"{""type"":""MultiPoint"",""coordinates"":[]}",15731
2022-06-29,"{""type"":""MultiPoint"",""coordinates"":[]}",15732
2022-03-31,"{""type"":""MultiPoint"",""coordinates"":[]}",15733
2022-04-18,"{""type"":""MultiPoint"",""coordinates"":[]}",15734
2022-07-25,"{""type"":""MultiPoint"",""coordinates"":[]}",15735
2022-06-10,"{""type"":""MultiPoint"",""coordinates"":[]}",15736
2022-05-08,"{""type"":""MultiPoint"",""coordinates"":[]}",15737
2022-03-31,"{""type"":""MultiPoint"",""coordinates"":[]}",15738
2022-05-26,"{""type"":""MultiPoint"",""coordinates"":[]}",15739
2022-04-19,"{""type"":""MultiPoint"",""coordinates"":[]}",15740
2022-04-26,"{""type"":""MultiPoint"",""coordinates"":[]}",15741
2022-04-19,"{""type"":""MultiPoint"",""coordinates"":[]}",15742
2022-05-07,"{""type"":""MultiPoint"",""coordinates"":[]}",15743
2022-07-29,"{""type"":""MultiPoint"",""coordinates"":[]}",15744
2022-04-30,"{""type"":""MultiPoint"",""coordinates"":[]}",15745
2022-08-25,"{""type"":""MultiPoint"",""coordinates"":[]}",15746
2022-05-19,"{""type"":""MultiPoint"",""coordinates"":[]}",15747
2022-04-22,"{""type"":""MultiPoint"",""coordinates"":[]}",15748
2022-03-31,"{""type"":""MultiPoint"",""coordinates"":[]}",15749
2022-04-07,"{""type"":""MultiPoint"",""coordinates"":[]}",15750
2022-04-14,"{""type"":""MultiPoint"",""coordinates"":[]}",15751
2022-04-14,"{""type"":""MultiPoint"",""coordinates"":[]}",15752
2022-04-26,"{""type"":""MultiPoint"",""coordinates"":[]}",15753
2022-05-27,"{""type"":""MultiPoint"",""coordinates"":[]}",15754
2022-05-26,"{""type"":""MultiPoint"",""coordinates"":[]}",15755
2022-06-30,"{""type"":""MultiPoint"",""coordinates"":[]}",15756
2022-04-07,"{""type"":""MultiPoint"",""coordinates"":[]}",15757
2022-04-18,"{""type"":""MultiPoint"",""coordinates"":[]}",15758
2023-04-12,"{""type"":""MultiPoint"",""coordinates"":[]}",15759
2022-04-07,"{""type"":""MultiPoint"",""coordinates"":[]}",15760
2022-07-25,"{""type"":""MultiPoint"",""coordinates"":[]}",15761
2022-05-07,"{""type"":""MultiPoint"",""coordinates"":[]}",15762
2022-04-22,"{""type"":""MultiPoint"",""coordinates"":[]}",15763
2022-04-29,"{""type"":""MultiPoint"",""coordinates"":[]}",15764
2022-05-08,"{""type"":""MultiPoint"",""coordinates"":[]}",15765
2022-06-10,"{""type"":""MultiPoint"",""coordinates"":[]}",15766
2022-04-30,"{""type"":""MultiPoint"",""coordinates"":[]}",15767
2022-06-30,"{""type"":""MultiPoint"",""coordinates"":[]}",15768
2022-04-18,"{""type"":""MultiPoint"",""coordinates"":[]}",15769
2022-05-27,"{""type"":""MultiPoint"",""coordinates"":[]}",15770
2022-05-19,"{""type"":""MultiPoint"",""coordinates"":[]}",15771
2022-04-07,"{""type"":""MultiPoint"",""coordinates"":[]}",15772
2022-04-30,"{""type"":""MultiPoint"",""coordinates"":[]}",15773
2022-05-08,"{""type"":""MultiPoint"",""coordinates"":[]}",15774
2022-04-07,"{""type"":""MultiPoint"",""coordinates"":[]}",15775
2022-04-18,"{""type"":""MultiPoint"",""coordinates"":[]}",15776
2022-04-07,"{""type"":""MultiPoint"",""coordinates"":[]}",15777
2022-04-29,"{""type"":""MultiPoint"",""coordinates"":[]}",15778
2022-04-07,"{""type"":""MultiPoint"",""coordinates"":[]}",15779
2022-04-19,"{""type"":""MultiPoint"",""coordinates"":[]}",15780
2022-04-30,"{""type"":""MultiPoint"",""coordinates"":[]}",15781
2022-07-25,"{""type"":""MultiPoint"",""coordinates"":[]}",15782
2022-04-18,"{""type"":""MultiPoint"",""coordinates"":[]}",15783
2023-04-09,"{""type"":""MultiPoint"",""coordinates"":[]}",15784
2022-05-19,"{""type"":""MultiPoint"",""coordinates"":[]}",15785
2022-04-30,"{""type"":""MultiPoint"",""coordinates"":[]}",15786
2022-05-19,"{""type"":""MultiPoint"",""coordinates"":[]}",15787
2022-04-29,"{""type"":""MultiPoint"",""coordinates"":[]}",15788
2022-04-19,"{""type"":""MultiPoint"",""coordinates"":[]}",15789
2022-06-06,"{""type"":""MultiPoint"",""coordinates"":[]}",15790
2022-09-05,"{""type"":""MultiPoint"",""coordinates"":[]}",15791
2022-04-07,"{""type"":""MultiPoint"",""coordinates"":[]}",15792
2022-04-18,"{""type"":""MultiPoint"",""coordinates"":[]}",15793
2022-04-07,"{""type"":""MultiPoint"",""coordinates"":[]}",15794
2022-04-19,"{""type"":""MultiPoint"",""coordinates"":[]}",15795
2022-07-25,"{""type"":""MultiPoint"",""coordinates"":[]}",15796
2022-06-10,"{""type"":""MultiPoint"",""coordinates"":[]}",15797
2022-04-22,"{""type"":""MultiPoint"",""coordinates"":[]}",15798
2022-06-30,"{""type"":""MultiPoint"",""coordinates"":[]}",15799
2022-04-15,"{""type"":""MultiPoint"",""coordinates"":[]}",15800
2022-04-30,"{""type"":""MultiPoint"",""coordinates"":[]}",15801
2022-04-07,"{""type"":""MultiPoint"",""coordinates"":[]}",15802
2022-05-26,"{""type"":""MultiPoint"",""coordinates"":[]}",15803
2022-04-19,"{""type"":""MultiPoint"",""coordinates"":[]}",15804
2022-04-07,"{""type"":""MultiPoint"",""coordinates"":[]}",15805
2022-04-18,"{""type"":""MultiPoint"",""coordinates"":[]}",15806
2022-04-15,"{""type"":""MultiPoint"",""coordinates"":[]}",15807
2022-05-19,"{""type"":""MultiPoint"",""coordinates"":[]}",15808
2022-08-18,"{""type"":""MultiPoint"",""coordinates"":[]}",15809
2022-05-26,"{""type"":""MultiPoint"",""coordinates"":[]}",15810
2022-07-25,"{""type"":""MultiPoint"",""coordinates"":[]}",15811
2022-04-19,"{""type"":""MultiPoint"",""coordinates"":[]}",15812
2022-04-29,"{""type"":""MultiPoint"",""coordinates"":[]}",15813
2022-04-11,"{""type"":""MultiPoint"",""coordinates"":[]}",15814
2022-05-19,"{""type"":""MultiPoint"",""coordinates"":[]}",15815
2022-04-19,"{""type"":""MultiPoint"",""coordinates"":[]}",15816
2022-05-26,"{""type"":""MultiPoint"",""coordinates"":[]}",15817
2022-04-23,"{""type"":""MultiPoint"",""coordinates"":[]}",15818
2022-04-26,"{""type"":""MultiPoint"",""coordinates"":[]}",15819
2022-05-07,"{""type"":""MultiPoint"",""coordinates"":[]}",15820
2022-06-03,"{""type"":""MultiPoint"",""coordinates"":[]}",15821
2022-04-29,"{""type"":""MultiPoint"",""coordinates"":[]}",15822
2022-04-18,"{""type"":""MultiPoint"",""coordinates"":[]}",15823
2022-04-18,"{""type"":""MultiPoint"",""coordinates"":[]}",15824
2022-04-29,"{""type"":""MultiPoint"",""coordinates"":[]}",15825
2022-04-07,"{""type"":""MultiPoint"",""coordinates"":[]}",15826
2022-08-25,"{""type"":""MultiPoint"",""coordinates"":[]}",15827
2022-04-19,"{""type"":""MultiPoint"",""coordinates"":[]}",15828
2022-04-18,"{""type"":""MultiPoint"",""coordinates"":[]}",15829
2022-09-24,"{""type"":""MultiPoint"",""coordinates"":[]}",15830
2022-06-29,"{""type"":""MultiPoint"",""coordinates"":[]}",15831
2022-04-18,"{""type"":""MultiPoint"",""coordinates"":[]}",15832
2022-09-24,"{""type"":""MultiPoint"",""coordinates"":[]}",15833
2022-04-14,"{""type"":""MultiPoint"",""coordinates"":[]}",15834
2022-04-15,"{""type"":""MultiPoint"",""coordinates"":[]}",15835
2022-04-26,"{""type"":""MultiPoint"",""coordinates"":[]}",15836
2022-06-07,"{""type"":""MultiPoint"",""coordinates"":[]}",15837
2022-04-26,"{""type"":""MultiPoint"",""coordinates"":[]}",15838
2022-08-25,"{""type"":""MultiPoint"",""coordinates"":[]}",15839
2023-04-09,"{""type"":""MultiPoint"",""coordinates"":[]}",15840
2022-04-15,"{""type"":""MultiPoint"",""coordinates"":[]}",15841
2023-03-10,"{""type"":""MultiPoint"",""coordinates"":[]}",15842
2022-04-18,"{""type"":""MultiPoint"",""coordinates"":[]}",15843
2022-04-10,"{""type"":""MultiPoint"",""coordinates"":[]}",15844
2022-04-10,"{""type"":""MultiPoint"",""coordinates"":[]}",15845
2022-06-29,"{""type"":""MultiPoint"",""coordinates"":[]}",15846
2022-04-07,"{""type"":""MultiPoint"",""coordinates"":[]}",15847
2022-06-29,"{""type"":""MultiPoint"",""coordinates"":[]}",15848
2023-05-09,"{""type"":""MultiPoint"",""coordinates"":[]}",15849
2022-05-30,"{""type"":""MultiPoint"",""coordinates"":[]}",15850
2022-04-11,"{""type"":""MultiPoint"",""coordinates"":[]}",15851
2022-04-19,"{""type"":""MultiPoint"",""coordinates"":[]}",15852
2022-05-19,"{""type"":""MultiPoint"",""coordinates"":[]}",15853
2022-04-10,"{""type"":""MultiPoint"",""coordinates"":[]}",15854
2022-04-19,"{""type"":""MultiPoint"",""coordinates"":[]}",15855
2022-08-10,"{""type"":""MultiPoint"",""coordinates"":[]}",15856
2022-08-28,"{""type"":""MultiPoint"",""coordinates"":[]}",15857
2022-04-11,"{""type"":""MultiPoint"",""coordinates"":[]}",15858
2022-04-15,"{""type"":""MultiPoint"",""coordinates"":[]}",15859
2022-08-10,"{""type"":""MultiPoint"",""coordinates"":[]}",15860
2022-05-15,"{""type"":""MultiPoint"",""coordinates"":[]}",15861
2023-03-10,"{""type"":""MultiPoint"",""coordinates"":[]}",15862
2022-06-29,"{""type"":""MultiPoint"",""coordinates"":[]}",15863
2022-04-22,"{""type"":""MultiPoint"",""coordinates"":[]}",15864
2023-05-27,"{""type"":""MultiPoint"",""coordinates"":[]}",15865
2022-09-06,"{""type"":""MultiPoint"",""coordinates"":[]}",15866
2022-04-10,"{""type"":""MultiPoint"",""coordinates"":[]}",15867
2022-04-26,"{""type"":""MultiPoint"",""coordinates"":[]}",15868
2022-04-22,"{""type"":""MultiPoint"",""coordinates"":[]}",15869
2022-09-16,"{""type"":""MultiPoint"",""coordinates"":[]}",15870
2022-06-14,"{""type"":""MultiPoint"",""coordinates"":[]}",15871
2022-04-15,"{""type"":""MultiPoint"",""coordinates"":[]}",15872
2022-04-18,"{""type"":""MultiPoint"",""coordinates"":[]}",15873
2022-05-30,"{""type"":""MultiPoint"",""coordinates"":[]}",15874
2022-04-19,"{""type"":""MultiPoint"",""coordinates"":[]}",15875
2022-04-22,"{""type"":""MultiPoint"",""coordinates"":[]}",15876
2022-06-03,"{""type"":""MultiPoint"",""coordinates"":[]}",15877
2022-05-30,"{""type"":""MultiPoint"",""coordinates"":[]}",15878
2022-04-10,"{""type"":""MultiPoint"",""coordinates"":[]}",15879
2022-08-21,"{""type"":""MultiPoint"",""coordinates"":[]}",15880
2022-05-30,"{""type"":""MultiPoint"",""coordinates"":[]}",15881
2022-06-29,"{""type"":""MultiPoint"",""coordinates"":[]}",15882
2022-04-18,"{""type"":""MultiPoint"",""coordinates"":[]}",15883
2022-04-18,"{""type"":""MultiPoint"",""coordinates"":[]}",15884
2022-08-13,"{""type"":""MultiPoint"",""coordinates"":[]}",15885
2022-04-26,"{""type"":""MultiPoint"",""coordinates"":[]}",15886
2022-04-19,"{""type"":""MultiPoint"",""coordinates"":[]}",15887
2023-05-09,"{""type"":""MultiPoint"",""coordinates"":[]}",15888
2022-04-10,"{""type"":""MultiPoint"",""coordinates"":[]}",15889
2022-05-22,"{""type"":""MultiPoint"",""coordinates"":[]}",15890
2022-04-19,"{""type"":""MultiPoint"",""coordinates"":[]}",15891
2022-09-06,"{""type"":""MultiPoint"",""coordinates"":[]}",15892
2022-04-22,"{""type"":""MultiPoint"",""coordinates"":[]}",15893
2022-04-10,"{""type"":""MultiPoint"",""coordinates"":[]}",15894
2022-04-18,"{""type"":""MultiPoint"",""coordinates"":[]}",15895
2022-05-30,"{""type"":""MultiPoint"",""coordinates"":[]}",15896
2022-06-29,"{""type"":""MultiPoint"",""coordinates"":[]}",15897
2022-04-10,"{""type"":""MultiPoint"",""coordinates"":[]}",15898
2022-09-16,"{""type"":""MultiPoint"",""coordinates"":[]}",15899
2023-04-20,"{""type"":""MultiPoint"",""coordinates"":[]}",15900
2022-04-22,"{""type"":""MultiPoint"",""coordinates"":[]}",15901
2022-08-28,"{""type"":""MultiPoint"",""coordinates"":[]}",15902
2022-04-18,"{""type"":""MultiPoint"",""coordinates"":[]}",15903
2022-08-21,"{""type"":""MultiPoint"",""coordinates"":[]}",15904
2022-06-29,"{""type"":""MultiPoint"",""coordinates"":[]}",15905
2022-04-11,"{""type"":""MultiPoint"",""coordinates"":[]}",15906
2022-04-22,"{""type"":""MultiPoint"",""coordinates"":[]}",15907
2022-04-11,"{""type"":""MultiPoint"",""coordinates"":[]}",15908
2022-05-22,"{""type"":""MultiPoint"",""coordinates"":[]}",15909
2022-04-18,"{""type"":""MultiPoint"",""coordinates"":[]}",15910
2022-05-30,"{""type"":""MultiPoint"",""coordinates"":[]}",15911
2022-04-22,"{""type"":""MultiPoint"",""coordinates"":[]}",15912
2022-09-05,"{""type"":""MultiPoint"",""coordinates"":[]}",15914
2022-04-26,"{""type"":""MultiPoint"",""coordinates"":[]}",15915
2022-06-06,"{""type"":""MultiPoint"",""coordinates"":[]}",15916
2022-04-22,"{""type"":""MultiPoint"",""coordinates"":[]}",15917
2023-04-20,"{""type"":""MultiPoint"",""coordinates"":[]}",15918
2022-04-11,"{""type"":""MultiPoint"",""coordinates"":[]}",15919
2022-04-11,"{""type"":""MultiPoint"",""coordinates"":[]}",15920
2022-09-05,"{""type"":""MultiPoint"",""coordinates"":[]}",15921
2022-05-22,"{""type"":""MultiPoint"",""coordinates"":[]}",15922
2022-04-11,"{""type"":""MultiPoint"",""coordinates"":[]}",15923
2022-04-15,"{""type"":""MultiPoint"",""coordinates"":[]}",15924
2023-04-28,"{""type"":""MultiPoint"",""coordinates"":[]}",15925
2022-06-06,"{""type"":""MultiPoint"",""coordinates"":[]}",15926
2022-06-06,"{""type"":""MultiPoint"",""coordinates"":[]}",15927
2022-04-10,"{""type"":""MultiPoint"",""coordinates"":[]}",15928
2023-04-27,"{""type"":""MultiPoint"",""coordinates"":[]}",15929
2022-05-30,"{""type"":""MultiPoint"",""coordinates"":[]}",15930
2022-04-11,"{""type"":""MultiPoint"",""coordinates"":[]}",15931
2022-04-18,"{""type"":""MultiPoint"",""coordinates"":[]}",15932
2022-04-26,"{""type"":""MultiPoint"",""coordinates"":[]}",15933
2022-05-30,"{""type"":""MultiPoint"",""coordinates"":[]}",15934
2023-06-04,"{""type"":""MultiPoint"",""coordinates"":[]}",15935
2022-06-14,"{""type"":""MultiPoint"",""coordinates"":[]}",15936
2023-05-20,"{""type"":""MultiPoint"",""coordinates"":[]}",15937
2022-04-11,"{""type"":""MultiPoint"",""coordinates"":[]}",15938
2022-05-30,"{""type"":""MultiPoint"",""coordinates"":[]}",15939
2022-04-10,"{""type"":""MultiPoint"",""coordinates"":[]}",15940
2022-06-03,"{""type"":""MultiPoint"",""coordinates"":[]}",15941
2022-04-10,"{""type"":""MultiPoint"",""coordinates"":[]}",15942
2022-08-21,"{""type"":""MultiPoint"",""coordinates"":[]}",15943
2023-05-16,"{""type"":""MultiPoint"",""coordinates"":[]}",15944
2024-07-31,"{""type"":""MultiPoint"",""coordinates"":[]}",15945
2022-04-26,"{""type"":""MultiPoint"",""coordinates"":[]}",15946
2024-05-05,"{""type"":""MultiPoint"",""coordinates"":[]}",15947
2022-04-11,"{""type"":""MultiPoint"",""coordinates"":[]}",15948
2023-05-24,"{""type"":""MultiPoint"",""coordinates"":[]}",15949
2022-04-11,"{""type"":""MultiPoint"",""coordinates"":[]}",15950
2022-04-19,"{""type"":""MultiPoint"",""coordinates"":[]}",15951
2024-05-02,"{""type"":""MultiPoint"",""coordinates"":[]}",15952
2022-04-15,"{""type"":""MultiPoint"",""coordinates"":[]}",15953
2022-04-11,"{""type"":""MultiPoint"",""coordinates"":[]}",15954
2022-04-11,"{""type"":""MultiPoint"",""coordinates"":[]}",15955
2023-05-27,"{""type"":""MultiPoint"",""coordinates"":[]}",15956
2023-04-28,"{""type"":""MultiPoint"",""coordinates"":[]}",15957
2022-04-19,"{""type"":""MultiPoint"",""coordinates"":[]}",15958
2023-05-27,"{""type"":""MultiPoint"",""coordinates"":[]}",15959
2022-05-22,"{""type"":""MultiPoint"",""coordinates"":[]}",15960
2022-04-15,"{""type"":""MultiPoint"",""coordinates"":[]}",15961
2023-07-08,"{""type"":""MultiPoint"",""coordinates"":[]}",15962
2023-05-09,"{""type"":""MultiPoint"",""coordinates"":[]}",15963
2022-04-15,"{""type"":""MultiPoint"",""coordinates"":[]}",15964
2022-04-19,"{""type"":""MultiPoint"",""coordinates"":[]}",15965
2024-05-24,"{""type"":""MultiPoint"",""coordinates"":[]}",15966
2022-06-18,"{""type"":""MultiPoint"",""coordinates"":[]}",15967
2022-04-10,"{""type"":""MultiPoint"",""coordinates"":[]}",15968
2022-04-10,"{""type"":""MultiPoint"",""coordinates"":[]}",15969
2023-06-05,"{""type"":""MultiPoint"",""coordinates"":[]}",15970
2023-09-07,"{""type"":""MultiPoint"",""coordinates"":[]}",15971
2022-04-18,"{""type"":""MultiPoint"",""coordinates"":[]}",15972
2022-04-18,"{""type"":""MultiPoint"",""coordinates"":[]}",15973
2022-04-11,"{""type"":""MultiPoint"",""coordinates"":[]}",15974
2023-09-07,"{""type"":""MultiPoint"",""coordinates"":[]}",15975
2023-06-12,"{""type"":""MultiPoint"",""coordinates"":[]}",15976
2022-06-14,"{""type"":""MultiPoint"",""coordinates"":[]}",15978
2022-06-03,"{""type"":""MultiPoint"",""coordinates"":[]}",15979
2023-04-09,"{""type"":""MultiPoint"",""coordinates"":[]}",15981
2023-06-15,"{""type"":""MultiPoint"",""coordinates"":[]}",15982
2022-04-11,"{""type"":""MultiPoint"",""coordinates"":[]}",15983
2023-04-28,"{""type"":""MultiPoint"",""coordinates"":[]}",15984
2022-04-11,"{""type"":""MultiPoint"",""coordinates"":[]}",15985
2022-04-15,"{""type"":""MultiPoint"",""coordinates"":[]}",15986
2022-06-03,"{""type"":""MultiPoint"",""coordinates"":[]}",15987
2022-09-06,"{""type"":""MultiPoint"",""coordinates"":[]}",15988
2022-04-11,"{""type"":""MultiPoint"",""coordinates"":[]}",15989
2023-09-07,"{""type"":""MultiPoint"",""coordinates"":[]}",15990
2023-06-16,"{""type"":""MultiPoint"",""coordinates"":[]}",15991
2022-04-11,"{""type"":""MultiPoint"",""coordinates"":[]}",15992
2022-04-22,"{""type"":""MultiPoint"",""coordinates"":[]}",15993
2022-04-22,"{""type"":""MultiPoint"",""coordinates"":[]}",15994
2023-06-05,"{""type"":""MultiPoint"",""coordinates"":[]}",15995
2022-04-19,"{""type"":""MultiPoint"",""coordinates"":[]}",15997
2022-04-15,"{""type"":""MultiPoint"",""coordinates"":[]}",15998
2024-04-28,"{""type"":""MultiPoint"",""coordinates"":[]}",15999
2023-06-12,"{""type"":""MultiPoint"",""coordinates"":[]}",16000
2022-06-14,"{""type"":""MultiPoint"",""coordinates"":[]}",16001
2022-04-11,"{""type"":""MultiPoint"",""coordinates"":[]}",16002
2022-06-06,"{""type"":""MultiPoint"",""coordinates"":[]}",16003
2022-06-14,"{""type"":""MultiPoint"",""coordinates"":[]}",16004
2022-04-10,"{""type"":""MultiPoint"",""coordinates"":[]}",16005
2024-04-28,"{""type"":""MultiPoint"",""coordinates"":[]}",16006
2022-04-15,"{""type"":""MultiPoint"",""coordinates"":[]}",16007
2023-04-28,"{""type"":""MultiPoint"",""coordinates"":[]}",16008
2022-06-06,"{""type"":""MultiPoint"",""coordinates"":[]}",16009
2023-06-16,"{""type"":""MultiPoint"",""coordinates"":[]}",16010
2022-06-03,"{""type"":""MultiPoint"",""coordinates"":[]}",16011
2022-04-11,"{""type"":""MultiPoint"",""coordinates"":[]}",16014
2024-04-28,"{""type"":""MultiPoint"",""coordinates"":[]}",16015
2022-06-14,"{""type"":""MultiPoint"",""coordinates"":[]}",16016
2023-06-12,"{""type"":""MultiPoint"",""coordinates"":[]}",16017
2022-04-10,"{""type"":""MultiPoint"",""coordinates"":[]}",16019
2022-06-14,"{""type"":""MultiPoint"",""coordinates"":[]}",16020
2023-06-15,"{""type"":""MultiPoint"",""coordinates"":[]}",16022
2022-04-11,"{""type"":""MultiPoint"",""coordinates"":[]}",16023
2022-04-11,"{""type"":""MultiPoint"",""coordinates"":[]}",16024
2022-06-06,"{""type"":""MultiPoint"",""coordinates"":[]}",16025
2024-05-31,"{""type"":""MultiPoint"",""coordinates"":[]}",16028
2024-05-31,"{""type"":""MultiPoint"",""coordinates"":[]}",16029
2023-06-12,"{""type"":""MultiPoint"",""coordinates"":[]}",16030
2023-06-16,"{""type"":""MultiPoint"",""coordinates"":[]}",16033
2024-05-31,"{""type"":""MultiPoint"",""coordinates"":[]}",16035
2024-06-01,"{""type"":""MultiPoint"",""coordinates"":[]}",16039
2022-04-15,"{""type"":""MultiPoint"",""coordinates"":[]}",16040
2022-06-14,"{""type"":""MultiPoint"",""coordinates"":[]}",16045
2022-06-03,"{""type"":""MultiPoint"",""coordinates"":[]}",16046
2022-06-03,"{""type"":""MultiPoint"",""coordinates"":[]}",16047
2022-05-22,"{""type"":""MultiPoint"",""coordinates"":[]}",16048
2023-06-16,"{""type"":""MultiPoint"",""coordinates"":[]}",16049
2023-06-12,"{""type"":""MultiPoint"",""coordinates"":[]}",16050
2023-06-12,"{""type"":""MultiPoint"",""coordinates"":[]}",16055
2022-04-10,"{""type"":""MultiPoint"",""coordinates"":[]}",16056
2022-06-03,"{""type"":""MultiPoint"",""coordinates"":[]}",16057
2022-06-14,"{""type"":""MultiPoint"",""coordinates"":[]}",16059
2022-06-18,"{""type"":""MultiPoint"",""coordinates"":[]}",16060
2022-06-14,"{""type"":""MultiPoint"",""coordinates"":[]}",16061
2022-06-03,"{""type"":""MultiPoint"",""coordinates"":[]}",16062
2022-04-10,"{""type"":""MultiPoint"",""coordinates"":[]}",16063
2023-06-12,"{""type"":""MultiPoint"",""coordinates"":[]}",16064
2022-06-03,"{""type"":""MultiPoint"",""coordinates"":[]}",16065
2022-06-03,"{""type"":""MultiPoint"",""coordinates"":[]}",16066
2024-05-24,"{""type"":""MultiPoint"",""coordinates"":[]}",16067
2022-06-14,"{""type"":""MultiPoint"",""coordinates"":[]}",16069
2022-06-03,"{""type"":""MultiPoint"",""coordinates"":[]}",16073
2022-06-14,"{""type"":""MultiPoint"",""coordinates"":[]}",16075
2022-06-14,"{""type"":""MultiPoint"",""coordinates"":[]}",16076
2022-06-03,"{""type"":""MultiPoint"",""coordinates"":[]}",16077
2022-06-03,"{""type"":""MultiPoint"",""coordinates"":[]}",16079
2022-04-15,"{""type"":""MultiPoint"",""coordinates"":[]}",16080
2022-04-10,"{""type"":""MultiPoint"",""coordinates"":[]}",16081
2024-05-31,"{""type"":""MultiPoint"",""coordinates"":[]}",16082
2023-03-10,"{""type"":""MultiPoint"",""coordinates"":[]}",16085
2023-06-12,"{""type"":""MultiPoint"",""coordinates"":[]}",16090
2024-05-31,"{""type"":""MultiPoint"",""coordinates"":[]}",16094
2022-06-14,"{""type"":""MultiPoint"",""coordinates"":[]}",16095
2022-06-14,"{""type"":""MultiPoint"",""coordinates"":[]}",16101
2022-06-14,"{""type"":""MultiPoint"",""coordinates"":[]}",16103
2022-06-03,"{""type"":""MultiPoint"",""coordinates"":[]}",16118
2022-06-14,"{""type"":""MultiPoint"",""coordinates"":[]}",16122
2022-06-14,"{""type"":""MultiPoint"",""coordinates"":[]}",16123
2023-03-10,"{""type"":""MultiPoint"",""coordinates"":[]}",16130
2023-06-30,"{""type"":""MultiPoint"",""coordinates"":[]}",16133
2023-03-10,"{""type"":""MultiPoint"",""coordinates"":[]}",16158
2023-04-27,"{""type"":""MultiPoint"",""coordinates"":[]}",16186
2023-06-11,"{""type"":""MultiPoint"",""coordinates"":[]}",16210
